Capacidad,PesoViaje,# Pases,Capacidad Exc,CicloVolquete,Tarifa,Monto,CCosto,ToneladaSeca,HorasHorometros,VelocidadPromedio
24,37.392,5,5,31.38,50,339.95,1403,475.494246,9.58,14.198
24,37.392,5,5.16,31.38,50,52.3,1403,73.15296,10.74,13.981
24,37.392,5,5,31.38,50,339.95,1403,475.494246,10.74,13.981
24,37.392,5,5.16,31.38,50,52.3,1403,73.15296,10.4,13.863
24,37.392,5,5.16,31.38,50,26.15,1403,36.57648,0,13.411
24,37.392,5,5,31.38,50,287.65,1403,402.341285,8.35,13.149
24,37.392,5,5,31.38,50,339.95,1403,475.494246,9.81,14.654
24,37.392,5,5.16,31.38,50,52.3,1403,73.15296,9,13.667
24,37.392,5,5,31.38,50,366.1,1403,512.070726,10.14,13.766
24,37.392,5,5,31.38,50,339.95,1403,475.494246,9.94,14.115
24,37.392,5,5,31.38,50,339.95,1403,475.494246,9.84,14.653
24,37.392,5,5.16,31.38,50,26.15,1403,36.57648,9.84,12.956
24,37.392,5,5.16,31.38,50,52.3,1403,73.15296,10.19,13.245
24,37.392,5,5.16,31.38,50,52.3,1403,73.15296,10.51,13.445
24,37.392,5,5.16,31.38,50,26.15,1403,36.57648,10.18,14.092
24,37.392,5,5.16,31.38,50,52.3,1403,73.15296,9.95,12.76
20,31.16,4,5,31.38,44,69.036,1403,91.441201,10,13.528
24,37.392,5,5.16,31.38,50,26.15,1403,36.57648,10.28,12.684
24,37.392,5,5.16,31.38,50,52.3,1403,73.15296,10.22,13.876
24,37.392,5,5,31.38,50,366.1,1403,512.070726,9.98,13.629
24,37.392,5,5,31.38,50,287.65,1403,402.341285,9.92,13.132
24,37.392,5,5,31.38,50,392.25,1403,548.647207,10.14,13.34
24,37.392,5,5,31.38,50,366.1,1403,512.070726,10.03,13.857
24,37.392,5,5,31.38,50,366.1,1403,512.070726,9.72,13.701
24,37.392,5,5,31.38,50,339.95,1403,475.494246,9.9,13.64
24,37.392,5,5,31.38,50,418.4,1403,585.223687,10.94,14.034
24,37.392,5,5,31.38,50,183.05,1403,256.035363,4.2,14.127
24,37.392,5,5,31.38,50,418.4,1403,585.223687,10.65,13.954
24,37.392,8,3.2,30.5,50,25.415,1403,36.103845,9.77,12.775
24,37.392,5,5.16,30.5,50,152.5,1403,216.623073,7.19,13.805
24,37.392,5,5,30.5,50,50.835,1403,72.207691,1.92,14.012
24,37.392,5,5,30.5,50,50.835,1403,72.207691,7,13.053
24,37.392,8,3.2,30.5,50,25.415,1403,36.103845,10.6,13.829
24,37.392,5,5,30.5,50,101.665,1403,144.415382,10.6,13.829
24,37.392,5,5,30.5,50,152.5,1403,216.623073,8.7,14.003
24,37.392,5,5.16,30.5,50,279.585,1403,397.142301,10.33,15.563
24,37.392,5,5.16,30.5,50,228.75,1403,324.93461,11.18,14.987
24,37.392,5,5.16,30.5,50,228.75,1403,324.93461,9.98,14.74
24,37.392,5,5,30.5,50,50.835,1403,72.207691,9.98,14.74
24,37.392,5,5.16,30.5,50,254.165,1403,361.038456,10.16,14.015
24,37.392,5,5.16,30.5,50,203.335,1403,288.830764,10.67,14.588
24,37.392,5,5.16,30.5,50,228.75,1403,324.93461,10.19,14.355
24,37.392,5,5,30.5,50,76.25,1403,108.311536,10.19,14.355
24,37.392,5,5.16,30.5,50,279.585,1403,397.142301,10.35,14.249
24,37.392,5,5.16,30.5,50,152.5,1403,216.623073,9.44,13.549
24,37.392,5,5.16,30.5,50,228.75,1403,324.93461,10.18,13.768
24,37.392,5,5.16,30.5,50,203.335,1403,288.830764,9.98,14.415
24,37.392,5,5,30.5,50,127.085,1403,180.519228,9.98,14.415
24,37.392,5,5.16,30.5,50,254.165,1403,361.038456,10.54,14.494
24,37.392,5,5.16,30.5,50,228.75,1403,324.93461,10.24,13.817
24,37.392,5,5,30.5,50,50.835,1403,72.207691,10.24,13.817
24,37.392,5,5.16,30.5,50,228.75,1403,324.93461,10.57,14.729
24,37.392,5,5,30.5,50,177.915,1403,252.726919,10.14,13.116
24,37.392,5,5,30.5,50,127.085,1403,180.519228,10.31,13.707
24,37.392,5,5,30.5,50,101.665,1403,144.415382,10.26,14.302
24,37.392,5,5.16,30.5,50,203.335,1403,288.830764,7.34,13.563
24,37.392,5,5,30.5,50,152.5,1403,216.623073,10,13.288
24,37.392,5,5,30.5,50,101.665,1403,144.415382,10.74,
24,37.392,5,5,30.5,50,127.085,1403,180.519228,9.65,13.929
24,37.392,5,5,30.5,50,76.25,1403,108.311536,10.21,13.607
24,37.392,5,5,30.5,50,127.085,1403,180.519228,0,13.891
24,37.392,5,5.16,30.5,50,254.165,1403,361.038456,10.28,13.9
24,37.392,5,5,30.5,50,127.085,1403,180.519228,10.28,13.9
24,37.392,5,5,30.5,50,203.335,1403,288.830764,10.15,13.742
24,37.392,5,5,30.5,50,127.085,1403,180.519228,9.34,13.803
24,37.392,5,5.16,30.5,50,254.165,1403,361.038456,10.64,13.845
24,37.392,5,5,30.5,50,76.25,1403,108.311536,10.64,13.845
24,37.392,5,5.16,30.5,50,76.25,1403,108.311536,7.26,13.446
24,37.392,5,5.16,31.38,50,209.2,1403,288.830764,9.3,13.709
24,37.392,5,5.16,31.38,50,287.65,1403,397.142301,11,14.609
24,37.392,5,5.16,31.38,50,261.5,1403,361.038456,10.13,14.456
24,37.392,4,6,31.38,50,78.45,1403,108.311536,6.69,14.118
24,37.392,4,6,31.38,50,104.6,1403,144.415382,10.22,14.77
24,37.392,4,6,31.38,50,104.6,1403,144.415382,9.12,14.963
24,37.392,4,6,31.38,50,78.45,1403,108.311536,10.19,15.323
24,37.392,4,6,31.38,50,104.6,1403,144.415382,10.56,14.722
24,37.392,4,6,31.38,50,104.6,1403,144.415382,3.77,15.294
24,37.392,4,6,31.38,50,104.6,1403,144.415382,10.18,15.001
24,37.392,4,6,31.38,50,104.6,1403,144.415382,10.81,16.03
24,37.392,4,6,31.38,50,104.6,1403,144.415382,10.02,15.502
24,37.392,4,6,31.38,50,78.45,1403,108.311536,10.61,15.115
24,37.392,4,6,31.38,50,104.6,1403,144.415382,0,14.681
24,37.392,4,6,31.38,50,78.45,1403,108.311536,10.05,15.473
24,37.392,5,5.16,31.38,50,235.35,1403,324.93461,9.94,14.728
24,37.392,5,5.16,31.38,50,261.5,1403,361.038456,10.02,14.637
24,37.392,5,5.16,31.38,50,104.6,1403,144.415382,5.81,15.157
24,37.392,5,5.16,31.38,50,261.5,1403,361.038456,10.93,13.74
24,37.392,5,5.16,31.38,50,209.2,1403,288.830764,9.98,14.231
24,37.392,5,5.16,31.38,50,209.2,1403,288.830764,10.2,14.972
24,37.392,5,5.16,31.38,50,261.5,1403,361.038456,10.72,14.848
24,37.392,5,5.16,31.38,50,209.2,1403,288.830764,10.55,14.28
24,37.392,5,5.16,31.38,50,287.65,1403,397.142301,10.47,14.492
24,37.392,5,5.16,31.38,50,287.65,1403,397.142301,10.31,14.18
24,37.392,5,5.16,31.38,50,261.5,1403,361.038456,10.37,15.245
24,37.392,5,5.16,31.38,50,287.65,1403,397.142301,10.61,14.085
24,37.392,4,6,31.38,50,78.45,1403,108.311536,10.07,13.361
24,37.392,5,5.16,31.38,50,209.2,1403,288.830764,10,12.699
24,37.392,5,5.16,31.38,50,261.5,1403,361.038456,10.3,14.235
24,37.392,4,6,31.38,50,78.45,1403,108.311536,8.11,13.005
24,37.392,4,6,31.38,50,104.6,1403,144.415382,9.73,12.788
24,37.392,5,5.16,31.38,50,183.05,1403,252.726919,10.35,13.435
24,37.392,4,6,31.38,50,78.45,1403,108.311536,10.1,13.357
24,37.392,4,6,31.38,50,78.45,1403,108.311536,10.09,14.015
24,37.392,5,5.16,30,50,275,1403,396.142813,7.51,14.342
24,37.392,8,3.2,30,50,75,1403,108.038949,10.58,13.653
24,37.392,4,6,30,50,150,1403,216.077898,10.83,13.754
24,37.392,5,5.16,30,50,350,1403,504.181762,10.24,13.563
24,37.392,5,5.16,30,50,300,1403,432.155796,8.8,
24,37.392,5,5.16,30,50,225,1403,324.116847,8.2,14.651
24,37.392,5,5.16,30,50,375,1403,540.194745,10.7,14.471
24,37.392,8,3.2,30,50,75,1403,108.038949,10.94,14.062
24,37.392,4,6,30,50,225,1403,324.116847,10.77,13.782
24,37.392,4,6,30,50,250,1403,360.12983,10.71,13.628
24,37.392,4,6,30,50,275,1403,396.142813,10.31,14.145
24,37.392,4,6,30,50,200,1403,288.103864,10.52,14.614
24,37.392,4,6,30,50,200,1403,288.103864,9.14,15.298
24,37.392,4,6,30,50,250,1403,360.12983,9.57,15.602
24,37.392,4,6,30,50,50,1403,72.025966,6.92,15.231
24,37.392,4,6,30,50,100,1403,144.051932,7.39,14.813
24,37.392,4,6,30,50,150,1403,216.077898,8.31,14.268
24,37.392,4,6,30,50,225,1403,324.116847,7.28,15.319
24,37.392,4,6,30,50,175,1403,252.090881,8.25,14.363
24,37.392,4,6,30,50,250,1403,360.12983,11.38,14.742
24,37.392,4,6,30,50,250,1403,360.12983,10.41,14.138
24,37.392,5,5.16,30,50,450,1403,648.233694,10.79,15.783
24,37.392,5,5.16,30,50,425,1403,612.220711,10.86,15.019
24,37.392,5,5.16,30,50,50,1403,72.025966,4.25,14.978
24,37.392,8,3.2,30,50,75,1403,108.038949,4.25,14.978
24,37.392,5,5.16,30,50,375,1403,540.194745,10.55,13.772
24,37.392,5,5.16,30,50,450,1403,648.233694,10.92,14.597
24,37.392,5,5.16,30,50,425,1403,612.220711,10.75,14.594
24,37.392,5,5.16,30,50,450,1403,648.233694,10.84,14.38
24,37.392,5,5.16,30,50,400,1403,576.207728,9.73,14.388
24,37.392,5,5.16,30,50,450,1403,648.233694,10.74,14.198
24,37.392,5,5.16,30,50,450,1403,648.233694,10.77,14.626
24,37.392,5,5.16,30,50,450,1403,648.233694,0,14.237
24,37.392,5,5.16,30,50,425,1403,612.220711,10.22,14.818
24,37.392,8,3.2,30,50,100,1403,144.051932,10.97,13.611
24,37.392,8,3.2,30,50,75,1403,108.038949,10.88,13.979
24,37.392,4,6,30,50,225,1403,324.116847,10.78,13.579
24,37.392,4,6,30,50,100,1403,144.051932,5.41,13.726
24,37.392,8,3.2,30,50,75,1403,108.038949,10.25,13.957
24,37.392,5,5.16,30,50,175,1403,252.090881,3.94,14.492
24,37.392,5,5.16,30,50,125,1403,180.064915,10.66,13.875
24,37.392,8,3.2,30,50,100,1403,144.051932,10.66,13.875
24,37.392,8,3.2,30,50,100,1403,144.051932,10.8,13.774
24,37.392,8,3.2,30,50,100,1403,144.051932,11.11,14.307
24,37.392,4,6,30,50,200,1403,288.103864,10.43,14.319
24,37.392,8,3.2,30,50,100,1403,144.051932,10.43,14.319
24,37.392,5,5.16,31.38,50,104.6,1403,144.051932,3.6,13.83
24,37.392,5,5.16,31.38,50,78.45,1403,108.038949,4.9,13.855
24,37.392,4,6,31.38,50,26.15,1403,36.012983,10.58,13.212
24,37.392,4,6,31.38,50,26.15,1403,36.012983,10.02,13.37
24,37.392,4,6,31.38,50,52.3,1403,72.025966,10.02,13.225
24,37.392,4,6,31.38,50,26.15,1403,36.012983,10.68,13.124
24,37.392,4,6,31.38,50,52.3,1403,72.025966,9.45,14.254
24,37.392,4,6,31.38,50,26.15,1403,36.012983,10.62,13.604
24,37.392,4,6,31.38,50,52.3,1403,72.025966,10.57,13.562
24,37.392,4,6,31.38,50,52.3,1403,72.025966,10.12,14.311
24,37.392,5,5.16,31.38,50,104.6,1403,144.051932,7.72,14.33
24,37.392,4,6,31.38,50,78.45,1403,108.038949,7.9,13.766
24,37.392,4,6,31.38,50,52.3,1403,72.025966,5.01,14.263
24,37.392,4,6,31.38,50,78.45,1403,108.038949,10.49,14.624
24,37.392,5,5.16,31.38,50,235.35,1403,324.116847,10.04,13.896
24,37.392,5,5.16,31.38,50,287.65,1403,396.142813,10.1,14.195
24,37.392,5,5.16,31.38,50,235.35,1403,324.116847,9.95,13.545
24,37.392,5,5.16,31.38,50,235.35,1403,324.116847,10.26,13.312
24,37.392,5,5.16,31.38,50,235.35,1403,324.116847,10.09,13.313
24,37.392,5,5.16,31.38,50,183.05,1403,252.090881,10.05,13.817
24,37.392,5,5.16,31.38,50,261.5,1403,360.12983,10.22,13.641
24,37.392,5,5.16,31.38,50,235.35,1403,324.116847,10.24,13.123
24,37.392,5,5.16,31.38,50,261.5,1403,360.12983,10.04,14.5
24,37.392,5,5.16,31.38,50,209.2,1403,288.103864,10.09,13.655
24,37.392,5,5.16,31.38,50,183.05,1403,252.090881,10.07,14.152
24,37.392,5,5.16,31.38,50,235.35,1403,324.116847,9.43,13.424
24,37.392,4,6,31.38,50,183.05,1403,252.090881,10.12,12.335
24,37.392,5,5.16,31.38,50,209.2,1403,288.103864,9.49,12.019
24,37.392,4,6,31.38,50,52.3,1403,72.025966,11.09,15.353
24,37.392,4,6,31.38,50,26.15,1403,36.012983,11.04,14.846
20,31.16,4,5,31.38,46,24.058,1403,30.159452,9,12.344
20,31.16,6,3.2,31.38,46,48.116,1403,60.318904,10,13.527
20,31.16,4,5,31.38,46,72.174,1403,90.478357,10,13.527
20,31.16,4,5,31.38,46,72.174,1403,90.478357,11,12.662
20,31.16,4,5,31.38,46,96.232,1403,120.637809,5,12.103
24,37.392,5,5,31.38,50,78.45,1403,108.574028,9.52,13.499
20,31.16,6,3.2,31.38,46,24.058,1403,30.159452,10.6,13.752
20,31.16,4,5,31.38,46,146.0546,1403,150.797262,10.6,13.752
24,37.392,4,6,31.38,50,130.75,1403,180.956714,9.62,14.647
24,37.392,8,3.2,31.38,50,26.15,1403,36.191342,11,13.427
24,37.392,5,5,31.38,50,78.45,1403,108.574028,11,13.427
24,37.392,4,6,31.38,50,78.45,1403,108.574028,9.45,17.308
24,37.392,5,5,31.38,50,104.6,1403,144.765371,3.01,15.422
20,31.16,6,3.2,31.38,46,24.058,1403,30.159452,10,
20,31.16,4,5,31.38,46,72.174,1403,90.478357,10,
24,37.392,5,5,31.38,50,52.3,1403,72.382685,10.78,14.322
20,31.16,6,3.2,31.38,46,24.058,1403,30.159452,9.39,13.194
20,31.16,4,5,31.38,46,48.116,1403,60.318904,9.39,13.194
24,37.392,8,3.2,31.38,50,26.15,1403,36.191342,10.84,13.281
24,37.392,5,5,31.38,50,104.6,1403,144.765371,10.84,13.281
24,37.392,5,5.16,31.38,50,52.3,1403,72.382685,6.03,13.426
24,37.392,8,3.2,31.38,50,52.3,1403,72.382685,6.03,13.426
24,37.392,4,6,31.38,50,78.45,1403,108.574028,10.54,13.345
24,37.392,4,6,31.38,50,52.3,1403,72.382685,10.11,12.758
24,37.392,8,3.2,31.38,50,26.15,1403,36.191342,10.03,12.709
24,37.392,8,3.2,31.38,50,26.15,1403,36.191342,10.64,12.643
24,37.392,5,5,31.38,50,26.15,1403,36.191342,10.64,12.643
24,37.392,8,3.2,31.38,50,52.3,1403,72.382685,9.2,14.35
24,37.392,5,5,31.38,50,104.6,1403,144.765371,9.2,14.35
24,37.392,4,6,31.38,50,156.9,1403,217.148057,10.38,13.45
24,37.392,8,3.2,31.38,50,26.15,1403,36.191342,10.38,13.45
24,37.392,4,6,31.38,50,183.05,1403,253.3394,10.8,13.556
24,37.392,5,5,31.38,50,52.3,1403,72.382685,8.43,13.797
24,37.392,5,5,31.38,50,104.6,1403,144.765371,0,14.623
24,37.392,5,5,31.38,50,78.45,1403,108.574028,9,14.341
24,37.392,5,5,31.38,50,78.45,1403,108.574028,5.14,13.999
24,37.392,5,5.16,31.38,50,156.9,1403,217.148057,10.76,13.306
24,37.392,4,6,31.38,50,183.05,1403,253.3394,10.87,13.491
24,37.392,5,5.16,31.38,50,130.75,1403,180.956714,11.03,13.613
24,37.392,5,5.16,31.38,50,104.6,1403,144.765371,10.83,14.022
24,37.392,5,5.16,31.38,50,104.6,1403,144.765371,9.89,14.661
24,37.392,5,5.16,31.38,50,156.9,1403,217.148057,10.55,14.605
24,37.392,5,5.16,31.38,50,104.6,1403,144.765371,10.42,13.727
24,37.392,5,5.16,31.38,50,130.75,1403,180.956714,10.85,14.489
24,37.392,5,5.16,31.38,50,130.75,1403,180.956714,10.69,13.943
20,31.16,6,3.2,31.38,44,23.012,1403,30.159452,4.93,12.963
24,37.392,5,5.16,31.38,50,52.3,1403,72.382685,6.27,14.295
24,37.392,5,5.16,31.38,50,78.45,1403,108.574028,10.93,12.871
24,37.392,5,5,31.38,50,209.2,1403,289.530743,10.24,13.529
24,37.392,5,5,31.38,50,104.6,1403,144.765371,10.59,13.141
24,37.392,5,5,31.38,50,130.75,1403,180.956714,10.4,13.223
24,37.392,5,5,31.38,50,104.6,1403,144.765371,7.07,14.006
24,37.392,5,5,31.38,50,156.9,1403,217.148057,10.7,12.904
24,37.392,5,5,31.38,50,104.6,1403,144.765371,10.4,12.579
20,31.16,4,5,31.38,46,24.058,1403,30.159452,10,13.243
24,37.392,5,5,31.38,50,130.75,1403,180.956714,10.51,12.754
24,37.392,5,5,31.38,50,235.35,1403,325.722085,10.86,13.071
24,37.392,5,5,31.38,50,130.75,1403,180.956714,0,12.87
24,37.392,5,5,31.38,50,156.9,1403,217.148057,10.7,12.441
24,37.392,5,5,31.38,50,235.35,1403,325.722085,10.35,12.761
24,37.392,5,5,31.38,50,261.5,1403,361.913428,10.45,13.58
24,37.392,4,6,31.38,50,52.3,1403,72.382685,10.05,13.224
24,37.392,5,5,31.38,50,209.2,1403,289.530743,10.05,13.224
24,37.392,4,6,31.38,50,78.45,1403,108.574028,8.1,13.095
24,37.392,4,6,31.38,50,78.45,1403,108.574028,10.69,12.732
24,37.392,4,6,31.38,50,52.3,1403,72.382685,10.99,12.902
24,37.392,4,6,31.38,50,78.45,1403,108.574028,10.35,13.211
24,37.392,4,6,31.38,50,52.3,1403,72.382685,10.69,12.935
24,37.392,4,6,31.38,50,78.45,1403,108.574028,9.98,13.482
24,37.392,4,6,31.38,50,52.3,1403,72.382685,10.12,13.105
24,37.392,4,6,31.38,50,52.3,1403,72.382685,10.19,13.134
24,37.392,4,6,31.38,50,52.3,1403,72.382685,2.33,13.823
24,37.392,4,6,31.38,50,26.15,1403,36.191342,9.47,13.644
24,37.392,4,6,31.38,50,52.3,1403,72.382685,9.2,13.049
24,37.392,5,5.16,31.38,50,52.3,1403,72.382685,10.06,12.663
24,37.392,5,5.16,31.38,50,52.3,1403,72.382685,9.95,13.515
24,37.392,4,6,31.38,50,52.3,1403,72.382685,10.75,13.471
24,37.392,4,6,31.38,50,52.3,1403,72.382685,10.89,13.265
24,37.392,4,6,31.38,50,52.3,1403,72.382685,6.65,13.541
24,37.392,5,5,31.38,50,156.9,1403,217.148057,10.81,13.338
24,37.392,5,5,31.38,50,104.6,1403,144.765371,10.56,13.378
24,37.392,5,5,31.38,50,104.6,1403,144.765371,6.27,13.63
24,37.392,5,5,31.38,50,104.6,1403,144.765371,9.95,12.918
24,37.392,5,5,31.38,50,52.3,1403,72.129915,6.5,13.828
24,37.392,5,5,31.38,50,235.35,1403,324.584621,10.8,13.343
24,37.392,5,5,31.38,50,78.45,1403,108.194873,0,14.479
20,31.16,4,5,31.38,46,96.232,1403,120.216526,5.79,14.316
24,37.392,5,5,31.38,50,235.35,1403,324.584621,10.11,13.734
24,37.392,5,5,31.38,50,183.05,1403,252.454705,10.27,13.894
24,37.392,5,5,31.38,50,104.6,1403,144.259831,10.13,13.516
24,37.392,5,5,31.38,50,209.2,1403,288.519663,8.07,13.241
24,37.392,5,5,31.38,50,156.9,1403,216.389747,8.06,13.144
24,37.392,5,5,31.38,50,104.6,1403,144.259831,9.14,15.754
24,37.392,5,5,31.38,50,156.9,1403,216.389747,10.8,14.498
24,37.392,4,6,31.38,50,235.35,1403,324.584621,9.99,14.333
24,37.392,4,6,31.38,50,261.5,1403,360.649579,11.07,14.519
24,37.392,4,6,31.38,50,235.35,1403,324.584621,10.62,14.599
24,37.392,4,6,31.38,50,235.35,1403,324.584621,9.97,14.895
24,37.392,4,6,31.38,50,104.6,1403,144.259831,10.29,13.954
24,37.392,5,5,31.38,50,156.9,1403,216.389747,10.29,13.954
24,37.392,4,6,31.38,50,183.05,1403,252.454705,10.87,14.437
24,37.392,4,6,31.38,50,287.65,1403,396.714537,10.74,14.764
24,37.392,4,6,31.38,50,183.05,1403,252.454705,10.03,14.451
24,37.392,4,6,31.38,50,287.65,1403,396.714537,10.4,15.356
24,37.392,4,6,31.38,50,235.35,1403,324.584621,10.87,14.289
24,37.392,4,6,31.38,50,235.35,1403,324.584621,10.04,14.696
24,37.392,4,6,31.38,50,209.2,1403,288.519663,10.75,14.27
24,37.392,4,6,31.38,50,235.35,1403,324.584621,0,14.063
24,37.392,5,5,31.38,50,52.3,1403,72.129915,0,14.667
24,37.392,4,6,31.38,50,183.05,1403,252.454705,11,15.079
24,37.392,4,6,31.38,50,183.05,1403,252.454705,10.72,15.027
20,31.16,4,5,31.38,46,120.29,1403,150.270658,10.25,14.328
24,37.392,5,5,31.38,50,104.6,1403,144.259831,8.98,15.341
24,37.392,4,6,31.38,50,52.3,1403,72.129915,10.58,14.362
24,37.392,5,5,31.38,50,104.6,1403,144.259831,0,14.189
24,37.392,5,5,31.38,50,156.9,1403,216.389747,0,14.308
24,37.392,5,5,31.38,50,261.5,1403,360.649579,9.96,13.724
24,37.392,5,5,31.38,50,287.65,1403,396.714537,10.14,13.57
24,37.392,5,5,31.38,50,287.65,1403,396.714537,10.02,13.48
24,37.392,5,5,31.38,50,339.95,1403,468.844452,10.06,13.588
24,37.392,5,5,31.38,50,313.8,1403,432.779495,10.25,13.274
24,37.392,5,5,31.38,50,235.35,1403,324.584621,10.15,14.046
24,37.392,5,5,31.38,50,339.95,1403,468.844452,9.91,13.65
24,37.392,5,5,31.38,50,261.5,1403,360.649579,9.4,13.478
24,37.392,5,5,31.38,50,78.45,1403,108.194873,2.5,13.352
24,37.392,5,5,31.38,50,261.5,1403,360.649579,10.5,12.99
24,37.392,5,5,31.38,50,313.8,1403,432.779495,10.5,13.408
24,37.392,5,5,31.38,50,339.95,1403,468.844452,9.37,14.26
24,37.392,5,5,31.38,50,287.65,1403,396.714537,10.28,14.313
24,37.392,5,5.16,31.38,50,26.15,1403,36.064957,10.86,12.74
24,37.392,5,5,31.38,50,130.75,1403,180.324789,5.04,14.068
24,37.392,5,5,31.38,50,287.65,1403,396.714537,8.2,13.341
24,37.392,5,5,31.38,50,366.1,1403,504.90941,10.35,13.012
20,31.16,4,5,31.38,46,192.464,1403,241.253184,9,12.866
20,31.16,6,4,31.38,46,24.058,1403,30.156648,9,12.866
20,31.16,4,5,31.38,46,216.522,1403,271.409832,11,12.933
20,31.16,6,4,31.38,46,24.058,1403,30.156648,11,12.933
24,37.392,4,6,31.38,50,52.3,1403,72.375955,10.26,13.889
24,37.392,4,6,31.38,50,78.45,1403,108.563932,10.23,13.792
24,37.392,4,6,31.38,50,78.45,1403,108.563932,7.13,13.827
24,37.392,4,6,31.38,50,52.3,1403,72.375955,8.66,13.736
24,37.392,4,6,31.38,50,104.6,1403,144.75191,10.67,13.321
24,37.392,4,6,31.38,50,52.3,1403,72.375955,10.23,14.078
24,37.392,4,6,31.38,50,26.15,1403,36.187977,9.17,13.933
24,37.392,4,6,31.38,50,26.15,1403,36.187977,10.23,14.115
24,37.392,4,6,31.38,50,78.45,1403,108.563932,10.64,13.662
24,37.392,5,5,31.38,50,52.3,1403,72.375955,0,12.731
24,37.392,4,6,31.38,50,78.45,1403,108.563932,6.2,13.39
24,37.392,5,5,31.38,50,104.6,1403,144.75191,9.8,14.215
24,37.392,4,6,31.38,50,26.15,1403,36.187977,9.8,14.215
20,31.16,4,5,31.38,46,240.58,1403,301.56648,10.52,13.801
24,37.392,,6.2,31.38,50,156.9,1403,217.127865,10.25,14.017
24,37.392,,6.2,31.38,50,130.75,1403,180.939888,10.17,13.957
24,37.392,,6.2,31.38,50,156.9,1403,217.127865,9.94,13.418
24,37.392,,6.2,31.38,50,104.6,1403,144.75191,10.05,13.338
24,37.392,,6.2,31.38,50,130.75,1403,180.939888,9.95,12.762
24,37.392,4,6,31.38,50,52.3,1403,72.375955,10.01,13.305
24,37.392,,6.2,31.38,50,130.75,1403,180.939888,10.01,13.305
24,37.392,,6.2,31.38,50,156.9,1403,217.127865,10.09,14.719
24,37.392,,6.2,31.38,50,156.9,1403,217.127865,10.53,13.622
24,37.392,4,6,31.38,50,26.15,1403,36.187977,10.93,14.388
24,37.392,4,6,31.38,50,26.15,1403,36.187977,10.14,13.985
24,37.392,,6.2,31.38,50,104.6,1403,144.75191,10.63,14.248
24,37.392,5,5,31.38,50,209.2,1403,289.50382,0,14.289
24,37.392,5,5,31.38,50,78.45,1403,108.563932,2.12,14.559
24,37.392,4,6,31.38,50,78.45,1403,108.563932,10.43,13.968
20,31.16,4,5,31.38,46,240.58,1403,301.56648,8.6,14.297
20,31.16,4,5,31.38,46,192.464,1403,241.253184,7.75,14.25
20,31.16,4,5,31.38,46,96.232,1403,120.626592,7.53,14.2
24,37.392,5,5,31.38,50,209.2,1403,289.50382,7.55,14.425
24,37.392,5,5,31.38,50,183.05,1403,253.315843,8.74,13.795
24,37.392,5,5,31.38,50,183.05,1403,253.315843,8.71,14.595
24,37.392,5,5,31.38,50,261.5,1403,361.879776,8.9,14.511
24,37.392,5,5,31.38,50,261.5,1403,361.879776,8.76,13.684
24,37.392,5,5,31.38,50,235.35,1403,325.691798,8.75,14.029
24,37.392,5,5,31.38,50,235.35,1403,325.691798,8.06,14.949
24,37.392,5,5,31.38,50,156.9,1403,217.127865,4.59,14.395
24,37.392,5,5,31.38,50,235.35,1403,325.691798,5.99,14.238
24,37.392,4,6,31.38,50,104.6,1403,144.75191,10.56,13.915
24,37.392,4,6,31.38,50,78.45,1403,108.563932,9.85,14.971
24,37.392,4,6,31.38,50,78.45,1403,108.563932,5.22,15.532
24,37.392,,6.2,31.38,50,130.75,1403,180.939888,9.96,13.244
24,37.392,4,6,31.38,50,26.15,1403,36.187977,0,13.556
24,37.392,,6.2,31.38,50,156.9,1403,217.127865,10.22,13.474
24,37.392,,6.2,31.38,50,130.75,1403,180.939888,9.06,14.105
24,37.392,5,5,31.38,50,78.45,1403,108.563932,8.15,13.684
24,37.392,4,6,31.38,50,52.3,1403,72.375955,10.29,13.804
20,31.16,4,5,31.38,46,24.058,1403,30.156648,11,12.697
24,37.392,5,5,31.38,50,52.3,1403,72.375955,10.59,13.811
24,37.392,5,5,31.38,50,26.15,1403,36.187977,11.02,13.08
24,37.392,,6.2,31.38,50,26.15,1403,36.187977,11.02,13.08
24,37.392,5,5.16,31.38,50,52.3,1403,72.375955,8.41,13.337
24,37.392,5,5.16,31.38,50,78.45,1403,108.563932,9.36,13.571
20,31.16,4,5,31.38,46,24.058,1403,30.156648,10.54,12.759
24,37.392,5,5.16,31.38,50,26.15,1403,36.187977,10.03,12.54
24,37.392,5,5.16,31.38,50,52.3,1403,72.375955,9.97,13.109
24,37.392,5,5.16,31.38,50,26.15,1403,36.187977,10.92,13.889
24,37.392,5,5,31.38,50,26.15,1403,36.187977,10.92,13.889
24,37.392,5,5.16,31.38,50,26.15,1403,36.187977,10.7,13.278
24,37.392,5,5.16,31.38,50,26.15,1403,36.187977,10.71,13.628
24,37.392,4,6,31.38,50,26.15,1403,36.187977,9.41,14.344
24,37.392,4,6,31.38,50,26.15,1403,36.187977,10.97,13.627
24,37.392,4,6,31.38,50,26.15,1403,36.187977,10.74,14.293
24,37.392,,6.2,31.38,50,26.15,1403,36.187977,10.03,14.559
24,37.392,4,6,31.38,50,26.15,1403,36.187977,9.49,13.73
24,37.392,5,5,31.38,50,104.6,1403,144.75191,10.08,15.346
24,37.392,,6.2,31.38,50,26.15,1403,36.187977,9.46,14.06
24,37.392,5,5,31.38,50,26.15,1403,36.187977,10.1,14.041
24,37.392,,6.2,31.38,50,26.15,1403,36.187977,10.1,14.041
24,37.392,,6.2,31.38,50,26.15,1403,36.187977,9.28,14.08
24,37.392,5,5,31.38,50,26.15,1403,36.187977,9.44,14.135
24,37.392,5,5,31.38,50,104.6,1403,144.75191,10.24,14.06
24,37.392,,6.2,31.38,50,52.3,1403,72.375955,10.24,14.06
24,37.392,5,5,31.38,50,52.3,1403,72.375955,7.84,13.314
24,37.392,5,5,31.38,50,26.15,1403,36.187977,10.12,13.256
