ycor,velocidad,timecreac,tramosid,tonelaje,tonhora
839632034,296,43469,-1,2433,7320
839632035,240,43469.00002,-1,2433,7320
839632015,314,43469.00005,-1,2433,7320
839632006,203,43469.00007,-1,2433,7320
839631986,92,43469.00009,-1,2433,7320
839631986,129,43469.00012,-1,2433,7320
839631966,55,43469.00014,-1,2433,7320
839631966,55,43469.00016,-1,2433,7320
839631934,0,43469.00019,-1,2433,7320
839631934,18,43469.00021,-1,2433,7320
839631934,0,43469.00023,-1,2433,7320
839631903,0,43469.00025,-1,2433,7320
839631872,0,43469.00028,-1,2433,7320
839631851,0,43469.0003,-1,2433,7320
839631851,0,43469.00032,-1,2433,7320
839631873,0,43469.00035,-1,2433,7320
839631873,18,43469.00037,-1,2433,7320
839631853,18,43469.00039,-1,2433,7320
839631853,18,43469.00042,-1,2433,7320
839631853,18,43469.00044,-1,2433,7320
839631853,18,43469.00046,-1,2433,7320
839631875,314,43469.00049,-1,2433,7320
839631936,314,43469.00051,-1,2433,7320
839631967,351,43469.00053,-1,2433,7320
839631967,351,43469.00056,-1,2433,7320
839632059,444,43469.00058,-1,2433,7320
839632120,314,43469.0006,-1,2433,7320
839632149,407,43469.00062,-1,2433,7320
839632198,425,43469.00065,-1,2433,7320
839632227,518,43469.00067,-1,2433,7320
839632358,777,43469.00069,-1,2433,7320
839632437,1000,43469.00072,4830,0,7320
839632588,1240,43469.00074,4830,0,7320
839632588,1240,43469.00076,4830,0,7320
839632801,1666,43469.00079,4830,0,7320
839633041,2074,43469.00081,4830,0,7320
839633673,2055,43469.00083,4830,0,7320
839633803,2092,43469.00086,4830,0,7320
839633803,2092,43469.00088,4830,0,7320
839634095,2240,43469.0009,4830,0,7320
839634549,2203,43469.00093,4830,0,7320
839634798,2166,43469.00095,4830,0,7320
839634964,2092,43469.00097,4830,0,7320
839634964,2092,43469.001,4830,0,7320
839634950,1833,43469.00102,4830,0,7320
839634981,1463,43469.00104,4830,0,7320
839635029,111,43469.00106,4830,0,7320
839635007,18,43469.00109,4830,0,7320
839634985,18,43469.00111,4830,0,7320
839634986,18,43469.00113,4830,0,7320
839634986,0,43469.00116,4830,0,7320
839635007,0,43469.00118,4830,0,7320
839635028,0,43469.0012,4830,0,7320
839635038,0,43469.00123,4830,0,7320
839635038,0,43469.00125,4830,0,7320
839635037,0,43469.00127,4830,0,7320
839635037,0,43469.0013,4830,0,7320
839635037,0,43469.00132,4830,0,7320
839635037,0,43469.00134,4830,0,7320
839635037,0,43469.00137,4830,0,7320
839635036,0,43469.00139,4830,0,7320
839635057,18,43469.00141,4830,0,7320
839635057,18,43469.00144,4830,0,7320
839635078,18,43469.00146,4830,0,7320
839635078,18,43469.00148,4830,0,7320
839635089,18,43469.0015,4830,0,7320
839635088,18,43469.00153,4830,0,7320
839635120,18,43469.00155,4830,0,7320
839635120,18,43469.00157,4830,0,7320
839635140,0,43469.0016,4830,0,7320
839635140,18,43469.00162,4830,0,7320
839635140,18,43469.00164,4830,0,7320
839635140,0,43469.00167,4830,0,7320
839635140,37,43469.00169,4830,0,7320
839635140,37,43469.00171,4830,0,7320
839635139,18,43469.00174,4830,0,7320
839635139,55,43469.00176,4830,0,7320
839635139,74,43469.00178,4830,0,7320
839635139,18,43469.00181,4830,0,7320
839635139,0,43469.00183,4830,0,7320
839635139,0,43469.00185,4830,0,7320
839635118,407,43469.00187,4830,0,7320
839635199,629,43469.0019,4830,0,7320
839635289,833,43469.00192,4830,0,7320
839635432,1000,43469.00194,4830,0,7320
839635432,1000,43469.00197,4830,0,7320
839635594,1333,43469.00199,4830,0,7320
839635832,1870,43469.00201,4830,0,7320
839635987,2055,43469.00204,4830,0,7320
839635987,2055,43469.00206,4830,0,7320
839636475,2315,43469.00208,4830,0,7320
839636910,2203,43469.00211,4830,0,7320
839636910,2203,43469.00213,4830,0,7320
839637331,2240,43469.00215,4830,0,7320
839637877,2129,43469.00218,4830,0,7320
839638230,1963,43469.0022,4830,0,7320
839639528,1814,43469.00222,4830,0,7320
839640464,1759,43469.00225,4830,0,7320
839641404,1407,43469.00227,4830,0,7320
839641404,1407,43469.00229,4830,0,7320
839642199,1500,43469.00231,4830,0,7320
839643151,1666,43469.00234,4830,0,7320
839643500,1611,43469.00236,4830,0,7320
839643695,1740,43469.00238,4830,0,7320
839643913,1666,43469.00241,4830,0,7320
839643895,2092,43469.00243,4830,0,7320
839643849,2481,43469.00245,4830,0,7320
839643820,2240,43469.00248,4830,0,7320
839643783,2277,43469.0025,4830,0,7320
839643748,2277,43469.00252,4830,0,7320
839643722,2296,43469.00255,4830,0,7320
839643713,2315,43469.00257,4830,0,7320
839643708,2463,43469.00259,4830,0,7320
839643674,2778,43469.00262,4830,0,7320
839643608,3000,43469.00264,4830,0,7320
839643608,3000,43469.00266,4830,0,7320
839643482,3129,43469.00269,4830,0,7320
null,null,43469.00271,null,null,7320
839643293,3092,43469.00273,4830,0,7320
839643293,3092,43469.00275,4830,0,7320
839643069,3055,43469.00278,4830,0,7320
839643027,3074,43469.0028,4830,0,7320
839642986,3148,43469.00282,4830,0,7320
839642891,3111,43469.00285,4830,0,7320
839642860,3092,43469.00287,3978,0,7320
839642829,3148,43469.00289,3978,0,7320
839642777,3148,43469.00292,3978,0,7320
839642555,3148,43469.00294,3978,0,7320
839642334,3092,43469.00296,3978,0,7320
839642259,3055,43469.00299,3978,0,7320
839642259,3055,43469.00301,3978,0,7320
839642238,3129,43469.00303,3978,0,7320
839642260,3129,43469.00306,3978,0,7320
839642524,3018,43469.00308,3978,0,7320
839643070,2611,43469.0031,3978,0,7320
839644441,2722,43469.00312,3978,0,7320
839645626,2889,43469.00315,3978,0,7320
839646927,2870,43469.00317,3978,0,7320
839647545,2778,43469.00319,3978,0,7320
839649348,2926,43469.00322,3978,0,7320
839650648,2889,43469.00324,3978,0,7320
839651968,2870,43469.00326,3978,0,7320
839654168,2944,43469.00329,3978,0,7320
839654168,2944,43469.00331,3978,0,7320
839655664,2889,43469.00333,1048,0,7320
839656426,2870,43469.00336,1048,0,7320
839658681,2870,43469.00338,1048,0,7320
839660233,2815,43469.0034,1048,0,7320
839661738,2870,43469.00343,1048,0,7320
839663587,3092,43469.00345,1048,0,7320
839664128,3203,43469.00347,1048,0,7320
839665283,3092,43469.0035,1048,0,7320
839666429,3037,43469.00352,1048,0,7320
839668456,3074,43469.00354,1048,0,7320
839669892,2944,43469.00356,1048,0,7320
839671288,2796,43469.00359,1048,0,7320
839673582,2963,43469.00361,1048,0,7320
839674383,2907,43469.00363,1047,0,7320
839676007,2815,43469.00366,1047,0,7320
839678326,2870,43469.00368,1047,0,7320
839680046,3092,43469.0037,1047,0,7320
839681926,3611,43469.00373,1047,0,7320
839682982,3759,43469.00375,1047,0,7320
839682982,3759,43469.00377,1047,0,7320
839686304,4129,43469.0038,1047,0,7320
839688374,4037,43469.00382,1047,0,7320
839690996,3759,43469.00384,1047,0,7320
839692283,3518,43469.00387,1047,0,7320
839693329,3203,43469.00389,4033,0,7320
839693382,2722,43469.00391,4033,0,7320
839693357,2426,43469.00394,4033,0,7320
839693357,2426,43469.00396,4033,0,7320
839693254,2092,43469.00398,4033,0,7320
839693044,1740,43469.004,4033,0,7320
839693029,1648,43469.00403,4033,0,7320
839693146,1481,43469.00405,4033,0,7320
839693146,1481,43469.00407,4033,0,7320
839693260,1222,43469.0041,4033,0,7320
839693428,1351,43469.00412,4033,0,7320
839693843,1222,43469.00414,4033,0,7320
839694116,963,43469.00417,4032,0,7320
839694323,777,43469.00419,4032,0,7320
839694326,0,43469.00421,4032,0,7320
839694326,0,43469.00424,4032,0,7320
839694293,314,43469.00426,4032,0,7320
839694799,963,43469.00428,4032,0,7320
839694799,963,43469.00431,4032,0,7320
839695197,1148,43469.00433,4032,0,7320
839695956,1426,43469.00435,4032,0,7320
null,null,43469.00437,null,null,7320
839696765,1944,43469.0044,4032,0,7320
839697860,2296,43469.00442,4032,0,7320
null,null,43469.00444,null,null,7320
null,null,43469.00447,null,null,7320
null,null,43469.00449,null,null,7320
null,null,43469.00451,null,null,7320
null,null,43469.00454,null,null,7320
null,null,43469.00456,null,null,7320
null,null,43469.00458,null,null,7320
null,null,43469.00461,null,null,7320
null,null,43469.00463,null,null,7320
null,null,43469.00465,null,null,7320
null,null,43469.00468,null,null,7320
null,null,43469.0047,null,null,7320
null,null,43469.00472,null,null,7320
839721242,3759,43469.00475,4030,0,7320
839722197,3778,43469.00477,4030,0,7320
839724156,3815,43469.00479,4030,0,7320
839727300,3815,43469.00481,4030,0,7320
839729345,3833,43469.00484,4030,0,7320
839731350,3963,43469.00486,4030,0,7320
839734035,3944,43469.00488,4030,0,7320
839734774,3852,43469.00491,4030,0,7320
839735947,3815,43469.00493,12,0,7320
839736922,3870,43469.00495,12,0,7320
839738409,3722,43469.00498,12,0,7320
839738409,3722,43469.005,12,0,7320
839738941,3518,43469.00502,12,0,7320
839739407,3537,43469.00505,12,0,7320
839739949,3611,43469.00507,12,0,7320
839740291,3592,43469.00509,12,0,7320
839740601,3574,43469.00512,12,0,7320
839740815,3481,43469.00514,12,0,7320
839740815,3481,43469.00516,2967,0,7320
839741169,3537,43469.00519,2967,0,7320
839741385,3704,43469.00521,2967,0,7320
839741716,3741,43469.00523,2967,0,7320
839741716,3741,43469.00525,2967,0,7320
839741975,3852,43469.00528,2967,0,7320
839742223,3833,43469.0053,2967,0,7320
839742526,3778,43469.00532,2967,0,7320
839742904,3629,43469.00535,2967,0,7320
839742904,3629,43469.00537,2967,0,7320
839742990,3611,43469.00539,2967,0,7320
839743082,3889,43469.00542,2967,0,7320
839742939,3852,43469.00544,2968,0,7320
839742840,3981,43469.00546,2968,0,7320
839742930,4092,43469.00549,2968,0,7320
839743130,4315,43469.00551,2968,0,7320
839743160,4426,43469.00553,2968,0,7320
839743086,4685,43469.00556,2968,0,7320
839743049,4815,43469.00558,2968,0,7320
839742877,5185,43469.0056,2968,0,7320
839742877,5185,43469.00562,2968,0,7320
839742722,5055,43469.00565,3022,0,7320
839742608,5111,43469.00567,3022,0,7320
839742484,5074,43469.00569,3022,0,7320
839742251,5241,43469.00572,3022,0,7320
839742042,5093,43469.00574,3022,0,7320
839741823,5037,43469.00576,3022,0,7320
839741613,4889,43469.00579,3022,0,7320
839741356,5000,43469.00581,3022,0,7320
839741267,4870,43469.00583,3022,0,7320
839741098,4611,43469.00586,3022,0,7320
839740949,4574,43469.00588,3022,0,7320
839740811,4667,43469.0059,3022,0,7320
839740585,4778,43469.00593,3022,0,7320
839740585,4778,43469.00595,3022,0,7320
839740585,4704,43469.00597,3022,0,7320
839740871,4518,43469.006,21,0,7320
839741501,4333,43469.00602,21,0,7320
839743279,3870,43469.00604,21,0,7320
839744785,3500,43469.00606,21,0,7320
839746268,3352,43469.00609,21,0,7320
839746951,3148,43469.00611,21,0,7320
839748705,3037,43469.00613,21,0,7320
839749809,3037,43469.00616,21,0,7320
839750818,2981,43469.00618,21,0,7320
839752017,2963,43469.0062,21,0,7320
839752396,2907,43469.00623,21,0,7320
839753038,2944,43469.00625,22,0,7320
839753038,2944,43469.00627,22,0,7320
839754383,2870,43469.0063,22,0,7320
839754782,2944,43469.00632,22,0,7320
839755119,2889,43469.00634,22,0,7320
839755645,2833,43469.00637,22,0,7320
839756045,2778,43469.00639,22,0,7320
839756214,2629,43469.00641,22,0,7320
839756516,2555,43469.00644,22,0,7320
839756516,2555,43469.00646,22,0,7320
839756880,2685,43469.00648,23,0,7320
839757412,2796,43469.0065,23,0,7320
839757412,2796,43469.00653,23,0,7320
839757758,2833,43469.00655,23,0,7320
839758052,2833,43469.00657,23,0,7320
839758325,2833,43469.0066,23,0,7320
839758828,2889,43469.00662,23,0,7320
839759257,2852,43469.00664,23,0,7320
839759665,2889,43469.00667,23,0,7320
839760032,2907,43469.00669,23,0,7320
839760220,2870,43469.00671,86,0,7320
839760956,2833,43469.00674,86,0,7320
839761639,2926,43469.00676,86,0,7320
839762554,2796,43469.00678,86,0,7320
null,null,43469.00681,null,null,7320
839764179,2759,43469.00683,86,0,7320
839764179,2759,43469.00685,86,0,7320
839766878,2759,43469.00687,86,0,7320
839767619,2722,43469.0069,86,0,7320
839769820,2740,43469.00692,86,0,7320
839771343,2722,43469.00694,86,0,7320
839772846,2722,43469.00697,86,0,7320
839775056,2740,43469.00699,86,0,7320
839775056,2740,43469.00701,86,0,7320
839777343,2740,43469.00704,86,0,7320
839779778,2852,43469.00706,86,0,7320
839779778,2852,43469.00708,86,0,7320
839781378,2889,43469.00711,86,0,7320
839782967,2852,43469.00713,86,0,7320
839785336,2889,43469.00715,25,0,7320
839786933,2889,43469.00718,25,0,7320
839788489,2907,43469.0072,25,0,7320
839790087,2852,43469.00722,25,0,7320
839791676,2852,43469.00725,25,0,7320
839793306,2907,43469.00727,25,0,7320
839794841,2833,43469.00729,25,0,7320
839797085,2833,43469.00731,25,0,7320
839797837,2833,43469.00734,25,0,7320
839799373,2852,43469.00736,25,0,7320
839800930,2833,43469.00738,25,0,7320
839803225,2778,43469.00741,2003,0,7320
839804718,2759,43469.00743,2003,0,7320
839806200,2722,43469.00745,2003,0,7320
839806200,2722,43469.00748,2003,0,7320
839807682,2703,43469.0075,2003,0,7320
839809198,2759,43469.00752,2003,0,7320
839810681,2852,43469.00755,2003,0,7320
839812786,2926,43469.00757,2003,0,7320
839814013,2981,43469.00759,2003,0,7320
839814948,2703,43469.00762,2003,0,7320
839815966,2796,43469.00764,2003,0,7320
839816261,2889,43469.00766,2003,0,7320
839816261,2889,43469.00769,2003,0,7320
839816598,2889,43469.00771,2003,0,7320
839816693,2852,43469.00773,2003,0,7320
839816670,2852,43469.00775,2003,0,7320
839816752,2870,43469.00778,2003,0,7320
839816813,2870,43469.0078,2004,0,7320
839816844,2852,43469.00782,2004,0,7320
839816852,2852,43469.00785,2004,0,7320
null,null,43469.00787,null,null,7320
839816881,2833,43469.00789,2004,0,7320
839816910,2833,43469.00792,2004,0,7320
839817003,2870,43469.00794,2004,0,7320
839817326,2833,43469.00796,2004,0,7320
839817618,2815,43469.00799,2004,0,7320
839817618,2815,43469.00801,2004,0,7320
839818059,2833,43469.00803,2004,0,7320
839818615,2796,43469.00806,2004,0,7320
839819845,2796,43469.00808,2004,0,7320
839819845,2796,43469.0081,2004,0,7320
839820653,2740,43469.00812,2004,0,7320
839822124,2796,43469.00815,2004,0,7320
839823644,2778,43469.00817,2004,0,7320
839824735,2796,43469.00819,582,0,7320
839824735,2796,43469.00822,582,0,7320
839827112,2740,43469.00824,582,0,7320
839829176,2815,43469.00826,582,0,7320
839829898,2796,43469.00829,582,0,7320
839829898,2796,43469.00831,582,0,7320
839831288,2796,43469.00833,582,0,7320
839833408,2796,43469.00836,582,0,7320
839834923,2833,43469.00838,582,0,7320
839834923,2833,43469.0084,582,0,7320
null,null,43469.00843,null,null,7320
839839472,2889,43469.00845,582,0,7320
839839472,2889,43469.00847,582,0,7320
839843301,2907,43469.0085,582,0,7320
839844930,2907,43469.00852,582,0,7320
839846549,2907,43469.00854,582,0,7320
839847373,2907,43469.00856,582,0,7320
839847373,2907,43469.00859,582,0,7320
839849529,2611,43469.00861,582,0,7320
839851028,2759,43469.00863,582,0,7320
839854661,3259,43469.00866,582,0,7320
839856178,3555,43469.00868,582,0,7320
839856920,3704,43469.0087,235,0,7320
839859183,3815,43469.00873,235,0,7320
839860601,3666,43469.00875,235,0,7320
null,null,43469.00877,null,null,7320
839861997,3741,43469.0088,235,0,7320
839863965,3629,43469.00882,235,0,7320
839863965,3629,43469.00884,235,0,7320
839865223,3574,43469.00887,235,0,7320
839867129,3444,43469.00889,235,0,7320
839869192,3592,43469.00891,235,0,7320
839870686,3741,43469.00894,235,0,7320
839872212,3592,43469.00896,235,0,7320
839874493,3370,43469.00898,388,0,7320
839874493,3370,43469.009,388,0,7320
839875979,3296,43469.00903,388,0,7320
839876691,3185,43469.00905,388,0,7320
839878169,3000,43469.00907,388,0,7320
839880571,2815,43469.0091,38,0,7320
839882096,2666,43469.00912,38,0,7320
839884218,2870,43469.00914,38,0,7320
839884920,2870,43469.00917,38,0,7320
839886335,3000,43469.00919,38,0,7320
839887709,2944,43469.00921,38,0,7320
839889630,3000,43469.00924,38,0,7320
839890890,3037,43469.00926,38,0,7320
839892129,3018,43469.00928,38,0,7320
839893253,2889,43469.00931,38,0,7320
839894282,2981,43469.00933,38,0,7320
839895207,2833,43469.00935,2693,0,7320
839896395,2778,43469.00937,2693,0,7320
839897139,2500,43469.0094,2693,0,7320
839897139,2500,43469.00942,2693,0,7320
839897485,2537,43469.00944,2693,0,7320
839898187,2574,43469.00947,2693,0,7320
839899078,2648,43469.00949,2693,0,7320
839899707,2703,43469.00951,2693,0,7320
839900326,2815,43469.00954,2693,0,7320
839901409,2833,43469.00956,2693,0,7320
839902480,2889,43469.00958,2693,0,7320
839903781,2944,43469.00961,4260,0,7320
839904483,2963,43469.00963,4260,0,7320
839906712,2889,43469.00965,4260,0,7320
839908218,2815,43469.00968,4260,0,7320
839908218,2815,43469.0097,4260,0,7320
839909658,2796,43469.00972,4260,0,7320
839912036,2778,43469.00975,4260,0,7320
839912818,2796,43469.00977,4260,0,7320
839914325,2740,43469.00979,4260,0,7320
839916363,2778,43469.00981,4260,0,7320
839917736,2944,43469.00984,4260,0,7320
839919192,3444,43469.00986,4260,0,7320
839919192,3444,43469.00988,4260,0,7320
839920783,3722,43469.00991,4260,0,7320
839922607,3926,43469.00993,4260,0,7320
839924632,4333,43469.00995,4260,0,7320
839928195,4815,43469.00998,4833,0,7320
839930699,4463,43469.01,4833,0,7320
839932739,3555,43469.01002,4833,0,7320
839932739,3555,43469.01005,4833,0,7320
839933632,3426,43469.01007,4833,0,7320
839936183,3444,43469.01009,4833,0,7320
839937861,3555,43469.01012,4833,0,7320
839939561,3426,43469.01014,4833,0,7320
839941435,2407,43469.01016,4833,0,7320
839942278,2315,43469.01019,4833,0,7320
839943521,1814,43469.01021,4833,0,7320
null,null,43469.01023,null,null,7320
null,null,43469.01025,null,null,7320
null,null,43469.01028,null,null,7320
null,null,43469.0103,null,null,7320
null,null,43469.01032,null,null,7320
null,null,43469.01035,null,null,7320
null,null,43469.01037,null,null,7320
null,null,43469.01039,null,null,7320
null,null,43469.01042,null,null,7320
null,null,43469.01044,null,null,7320
null,null,43469.01046,null,null,7320
839945679,592,43469.01049,4833,0,7320
839945402,648,43469.01051,4833,0,7320
839945115,555,43469.01053,-1,0,7320
839944837,592,43469.01056,-1,0,7320
839944612,259,43469.01058,-1,0,7320
839944579,55,43469.0106,-1,0,7320
839944610,18,43469.01062,-1,0,7320
839944589,55,43469.01065,-1,0,7320
839944556,18,43469.01067,-1,0,7320
839944556,0,43469.01069,-1,0,7320
839944556,18,43469.01072,-1,0,7320
839944556,18,43469.01074,-1,0,7320
839944576,0,43469.01076,-1,0,7320
839944577,0,43469.01079,-1,0,7320
839944576,0,43469.01081,-1,0,7320
839944554,18,43469.01083,-1,0,7320
839944554,18,43469.01086,-1,0,7320
839944586,0,43469.01088,-1,0,7320
839944586,0,43469.0109,-1,0,7320
839944606,18,43469.01093,-1,0,7320
839944606,18,43469.01095,-1,0,7320
839944606,18,43469.01097,-1,0,7320
839944585,37,43469.011,-1,0,7320
839944574,18,43469.01102,-1,0,7320
839944553,0,43469.01104,-1,916,7320
839944532,0,43469.01106,-1,916,7320
839944532,0,43469.01109,-1,916,7320
839944522,0,43469.01111,-1,916,7320
839944522,0,43469.01113,-1,916,7320
839944479,0,43469.01116,-1,916,7320
839944479,18,43469.01118,-1,916,7320
839944479,18,43469.0112,-1,916,7320
839944479,0,43469.01123,-1,916,7320
839944479,0,43469.01125,-1,916,7320
839944469,18,43469.01127,-1,916,7320
839944469,0,43469.0113,-1,916,7320
839944438,55,43469.01132,-1,916,7320
839944417,37,43469.01134,-1,916,7320
839944417,0,43469.01137,-1,1372,7320
839944416,37,43469.01139,-1,1372,7320
839944417,0,43469.01141,-1,1372,7320
839944406,18,43469.01144,-1,1372,7320
839944406,18,43469.01146,-1,1372,7320
839944385,0,43469.01148,-1,1372,7320
839944364,0,43469.0115,-1,1372,7320
839944364,18,43469.01153,-1,1372,7320
839944354,18,43469.01155,-1,1372,7320
839944332,18,43469.01157,-1,1372,7320
839944332,0,43469.0116,-1,1372,7320
839944354,18,43469.01162,-1,1372,7320
839944364,18,43469.01164,-1,1372,7320
839944364,18,43469.01167,-1,1372,7320
839944355,0,43469.01169,-1,1372,7320
839944354,18,43469.01171,-1,1372,7320
839944354,0,43469.01174,-1,1372,7320
839944354,0,43469.01176,-1,1372,7320
839944354,0,43469.01178,-1,1820,7320
839944354,0,43469.01181,-1,1820,7320
839944354,0,43469.01183,-1,1820,7320
839944364,37,43469.01185,-1,1820,7320
839944365,0,43469.01187,-1,1820,7320
839944385,0,43469.0119,-1,1820,7320
839944385,0,43469.01192,-1,1820,7320
839944385,37,43469.01194,-1,1820,7320
839944385,37,43469.01197,-1,1820,7320
839944385,18,43469.01199,-1,1820,7320
839944385,0,43469.01201,-1,1820,7320
839944364,18,43469.01204,-1,1820,7320
839944364,18,43469.01206,-1,1820,7320
839944385,18,43469.01208,-1,1820,7320
839944385,18,43469.01211,-1,1820,7320
839944406,18,43469.01213,-1,2221,7320
839944406,18,43469.01215,-1,2221,7320
839944406,0,43469.01218,-1,2221,7320
839944417,0,43469.0122,-1,2221,7320
839944417,18,43469.01222,-1,2221,7320
839944417,0,43469.01225,-1,2221,7320
839944438,0,43469.01227,-1,2221,7320
839944438,0,43469.01229,-1,2221,7320
839944438,0,43469.01231,-1,2221,7320
839944438,18,43469.01234,-1,2221,7320
839944417,129,43469.01236,-1,2221,7320
839944406,351,43469.01238,-1,2221,7320
839944759,666,43469.01241,-1,2221,7320
839945111,833,43469.01243,-1,2379,7320
839945529,1055,43469.01245,-1,2379,7320
839945529,1055,43469.01248,-1,2379,7320
839945874,1074,43469.0125,-1,2379,7320
839945954,1259,43469.01252,4833,2379,7320
839945742,1426,43469.01255,4833,2379,7320
839945144,1592,43469.01257,4833,2379,7320
839944604,1759,43469.01259,4833,2379,7320
839943937,1759,43469.01262,4833,2379,7320
839943111,1889,43469.01264,4833,2379,7320
839943111,1889,43469.01266,4833,2443,7320
839942180,2185,43469.01269,4833,2443,7320
839940639,2333,43469.01271,4833,2443,7320
839939432,2481,43469.01273,4833,2443,7320
839938118,2537,43469.01275,4833,2443,7320
839936729,2611,43469.01278,4833,2443,7320
839935329,2574,43469.0128,4833,2443,7320
839933950,2500,43469.01282,4833,2443,7320
839932546,2555,43469.01285,4833,2443,7320
839931070,2648,43469.01287,4833,2443,7320
839929603,2759,43469.01289,4833,2443,7320
839928054,2926,43469.01292,4833,2443,7320
839925750,2870,43469.01294,4833,2443,7320
839924363,2481,43469.01296,4833,2443,7320
839924363,2481,43469.01299,4260,2443,7320
839923273,1926,43469.01301,4260,2443,7320
839922465,1629,43469.01303,4260,2443,7320
839921806,1389,43469.01306,4260,2443,7320
839921188,1240,43469.01308,4260,2443,7320
839920603,1314,43469.0131,4260,2443,7320
839920280,1333,43469.01312,4260,2443,7320
839919927,1370,43469.01315,4260,2443,7320
839919387,1500,43469.01317,4260,2443,7320
839918992,1481,43469.01319,4260,2443,7320
839918992,1481,43469.01322,4260,2443,7320
839918168,1518,43469.01324,4260,2443,7320
839917488,1555,43469.01326,4260,2443,7320
839916723,1592,43469.01329,4260,2443,7320
839915925,1629,43469.01331,4260,2443,7320
839915033,1703,43469.01333,4260,2443,7320
839914096,1740,43469.01336,4260,2443,7320
839913138,1814,43469.01338,4260,2443,7320
839912030,1963,43469.0134,4260,2443,7320
839910847,2185,43469.01343,4260,2443,7320
839909537,2277,43469.01345,4260,2443,7320
839908203,2481,43469.01347,4260,2443,7320
839906210,2574,43469.0135,4260,2443,7320
839904905,2537,43469.01352,4260,2443,7320
839903681,2629,43469.01354,4260,2443,7320
839902656,2500,43469.01356,4260,2443,7320
839902656,2500,43469.01359,4260,2443,7320
839901346,2555,43469.01361,4260,2443,7320
839900947,2592,43469.01363,2693,2443,7320
839900118,2666,43469.01366,2693,2443,7320
839899342,2648,43469.01368,2693,2443,7320
839898122,3018,43469.0137,2693,2443,7320
839897268,3259,43469.01373,2693,2443,7320
839896393,2926,43469.01375,2693,2443,7320
839895626,2981,43469.01377,2693,2443,7320
839894815,3148,43469.0138,2693,2443,7320
839893962,3055,43469.01382,2693,2443,7320
839892648,2907,43469.01384,2693,2443,7320
839891639,2944,43469.01387,2693,2443,7320
839890475,3000,43469.01389,38,2443,7320
839889876,3055,43469.01391,38,2443,7320
839887924,3037,43469.01394,38,2443,7320
839887924,3037,43469.01396,38,2443,7320
839886497,3111,43469.01398,38,2443,7320
839884226,2944,43469.014,38,2443,7320
839881803,2981,43469.01403,38,2443,7320
839880221,3018,43469.01405,38,2443,7320
839877992,2981,43469.01407,38,2443,7320
839876448,3148,43469.0141,38,2443,7320
839876448,3148,43469.01412,38,2443,7320
839874949,3241,43469.01414,387,2443,7320
839872750,3185,43469.01417,387,2443,7320
839870796,3092,43469.01419,387,2443,7320
839869650,3111,43469.01421,387,2443,7320
839869650,3111,43469.01424,387,2443,7320
839867878,3222,43469.01426,387,2443,7320
839866618,3389,43469.01428,387,2443,7320
839865283,3444,43469.01431,387,2443,7320
839865283,3444,43469.01433,387,2443,7320
839861374,3463,43469.01435,387,2443,7320
839861374,3463,43469.01437,387,2443,7320
839859412,3352,43469.0144,387,2443,7320
839858119,3259,43469.01442,235,2443,7320
839856858,3203,43469.01444,235,2443,7320
839856858,3203,43469.01447,235,2443,7320
839855573,3092,43469.01449,235,2443,7320
839854318,2648,43469.01451,235,2443,7320
839851876,2277,43469.01454,235,2443,7320
839850693,1944,43469.01456,235,2443,7320
839849625,1963,43469.01458,235,2443,7320
839849625,1963,43469.01461,235,2443,7320
839848504,2203,43469.01463,235,2443,7320
839846569,2259,43469.01465,235,2443,7320
839845353,2166,43469.01468,582,2443,7320
839845353,2166,43469.0147,582,2443,7320
839844157,2277,43469.01472,582,2443,7320
839842898,2259,43469.01475,582,2443,7320
839841014,2203,43469.01477,582,2443,7320
839838476,2240,43469.01479,582,2443,7320
839837808,2259,43469.01481,582,2443,7320
839835883,2240,43469.01484,582,2443,7320
839834665,2259,43469.01486,582,2443,7320
839834665,2259,43469.01488,582,2443,7320
839833478,2277,43469.01491,582,2443,7320
839832259,2277,43469.01493,582,2443,7320
839830445,2277,43469.01495,582,2443,7320
839829309,2259,43469.01498,582,2443,7320
839829309,2259,43469.015,582,2443,7320
839827150,2203,43469.01502,582,2443,7320
839826620,2240,43469.01505,582,2443,7320
839825031,2277,43469.01507,582,2443,7320
839824081,2352,43469.01509,582,2443,7320
839823160,2240,43469.01512,582,2443,7320
839821865,2166,43469.01514,582,2443,7320
839820999,2240,43469.01516,2004,2443,7320
839820550,2222,43469.01519,2004,2443,7320
839819233,2277,43469.01521,2004,2443,7320
839818470,2259,43469.01523,2004,2443,7320
839817426,2259,43469.01525,2004,2443,7320
839817166,2277,43469.01528,2004,2443,7320
839817166,2277,43469.0153,2004,2443,7320
839816676,2296,43469.01532,2004,2443,7320
839816073,2259,43469.01535,2004,2443,7320
839815804,2240,43469.01537,2004,2443,7320
839815701,2277,43469.01539,2004,2443,7320
839815392,2259,43469.01542,2004,2443,7320
839815392,2259,43469.01544,2004,2443,7320
839815313,2259,43469.01546,2004,2443,7320
839815176,2203,43469.01549,2004,2443,7320
839815171,2296,43469.01551,2004,2443,7320
839815222,2315,43469.01553,2004,2443,7320
839815343,2277,43469.01556,2004,2443,7320
839815381,2203,43469.01558,2004,2443,7320
839815378,2240,43469.0156,2004,2443,7320
839815378,2240,43469.01562,2004,2443,7320
839815363,2315,43469.01565,2004,2443,7320
839815347,2259,43469.01567,2003,2443,7320
839815138,2277,43469.01569,2003,2443,7320
839815138,2277,43469.01572,2003,2443,7320
839814933,2277,43469.01574,2003,2443,7320
839814558,2277,43469.01576,2003,2443,7320
839814381,2259,43469.01579,2003,2443,7320
839813557,2315,43469.01581,2003,2443,7320
839812847,2185,43469.01583,2003,2443,7320
839812034,2148,43469.01586,2003,2443,7320
839811106,2240,43469.01588,2003,2443,7320
839811106,2240,43469.0159,2003,2443,7320
839808375,2277,43469.01593,2003,2443,7320
839807241,2222,43469.01595,2003,2443,7320
839806095,2222,43469.01597,2003,2443,7320
null,null,43469.016,null,null,7320
839804264,2203,43469.01602,2003,2443,7320
839803130,2240,43469.01604,2003,2443,7320
839802578,2259,43469.01606,2003,2443,7320
839801465,2222,43469.01609,2003,2443,7320
839799749,2222,43469.01611,2003,2443,7320
839798540,2222,43469.01613,2003,2443,7320
839798540,2222,43469.01616,2003,2443,7320
839796041,2315,43469.01618,25,2443,7320
839794799,2203,43469.0162,25,2443,7320
839793540,2222,43469.01623,25,2443,7320
839792324,2222,43469.01625,25,2443,7320
839791117,2259,43469.01627,25,2443,7320
839789306,2222,43469.0163,25,2443,7320
839789306,2222,43469.01632,25,2443,7320
839788110,2222,43469.01634,25,2443,7320
839786882,2222,43469.01637,25,2443,7320
839785715,2259,43469.01639,25,2443,7320
839784528,2222,43469.01641,25,2443,7320
839783361,2222,43469.01644,25,2443,7320
839781498,2203,43469.01646,86,2443,7320
839780280,2203,43469.01648,86,2443,7320
839779063,2259,43469.0165,86,2443,7320
839777899,2240,43469.01653,86,2443,7320
839776757,2259,43469.01655,86,2443,7320
839776757,2259,43469.01657,86,2443,7320
839775613,2222,43469.0166,86,2443,7320
839774396,2240,43469.01662,86,2443,7320
839773127,2277,43469.01664,86,2443,7320
839771349,2240,43469.01667,86,2443,7320
839770153,2240,43469.01669,86,2443,7320
839767621,2296,43469.01671,86,2443,7320
839766350,2240,43469.01674,86,2443,7320
839765183,2259,43469.01676,86,2443,7320
839765183,2259,43469.01678,86,2443,7320
839762337,2296,43469.01681,86,2443,7320
839762337,2296,43469.01683,86,2443,7320
839761365,2333,43469.01685,86,2443,7320
839760592,2370,43469.01687,86,2443,7320
839760268,2315,43469.0169,86,2443,7320
839759467,2222,43469.01692,86,2443,7320
839758978,2185,43469.01694,86,2443,7320
839758466,2222,43469.01697,86,2443,7320
839757748,2277,43469.01699,86,2443,7320
839757748,2277,43469.01701,86,2443,7320
839757288,2240,43469.01704,86,2443,7320
839756675,2240,43469.01706,86,2443,7320
839756176,2259,43469.01708,23,2443,7320
839756176,2259,43469.01711,23,2443,7320
839755855,2296,43469.01713,23,2443,7320
839755607,2240,43469.01715,23,2443,7320
839755329,2240,43469.01718,23,2443,7320
839754969,2259,43469.0172,23,2443,7320
839754732,2277,43469.01722,23,2443,7320
839754473,2259,43469.01725,23,2443,7320
839754328,2277,43469.01727,23,2443,7320
839753935,2240,43469.01729,23,2443,7320
839753935,2240,43469.01731,23,2443,7320
839753288,2259,43469.01734,23,2443,7320
null,null,43469.01736,null,null,7320
839753288,2259,43469.01738,23,2443,7320
839753011,2259,43469.01741,23,2443,7320
839752827,2240,43469.01743,22,2443,7320
839752547,2203,43469.01745,22,2443,7320
839752301,2240,43469.01748,22,2443,7320
839751712,2222,43469.0175,22,2443,7320
839751712,2222,43469.01752,22,2443,7320
839750995,2259,43469.01755,22,2443,7320
839750995,2259,43469.01757,22,2443,7320
839750203,2277,43469.01759,22,2443,7320
839749578,2259,43469.01762,22,2443,7320
839748900,2296,43469.01764,22,2443,7320
839748203,2240,43469.01766,22,2443,7320
839746996,2185,43469.01769,22,2443,7320
839746996,2185,43469.01771,22,2443,7320
839745567,2259,43469.01773,21,2443,7320
839744650,2315,43469.01775,21,2443,7320
839743188,2222,43469.01778,21,2443,7320
839742333,2259,43469.0178,21,2443,7320
839741509,2315,43469.01782,21,2443,7320
839741509,2315,43469.01785,21,2443,7320
839740309,2259,43469.01787,21,2443,7320
839739673,2222,43469.01789,21,2443,7320
839738946,2315,43469.01792,21,2443,7320
839738946,2315,43469.01794,21,2443,7320
839738530,2703,43469.01796,21,2443,7320
839738512,3055,43469.01799,3022,2443,7320
839738626,3444,43469.01801,3022,2443,7320
839738790,3907,43469.01803,3022,2443,7320
839738790,3907,43469.01806,3022,2443,7320
839739210,4518,43469.01808,3022,2443,7320
839739484,4870,43469.0181,3022,2443,7320
839739694,5130,43469.01812,3022,2443,7320
839739694,5130,43469.01815,3022,2443,7320
839740269,5352,43469.01817,3022,2443,7320
839740604,5407,43469.01819,3022,2443,7320
839740604,5407,43469.01822,3022,2443,7320
839740769,5500,43469.01824,3022,2443,7320
839740879,5481,43469.01826,3022,2443,7320
839740950,5352,43469.01829,3022,2443,7320
839740950,5352,43469.01831,3022,2443,7320
839741030,5241,43469.01833,3022,2443,7320
839741047,5148,43469.01836,3022,2443,7320
839741012,4926,43469.01838,2968,2443,7320
839741012,4926,43469.0184,2968,2443,7320
839740946,4870,43469.01843,2968,2443,7320
839740882,4778,43469.01845,2968,2443,7320
839740845,4555,43469.01847,2968,2443,7320
839740783,4481,43469.0185,2968,2443,7320
839740673,4444,43469.01852,2968,2443,7320
839740673,4444,43469.01854,2968,2443,7320
839740433,4333,43469.01856,2968,2443,7320
839740232,4185,43469.01859,2968,2443,7320
839740192,4092,43469.01861,2968,2443,7320
839740048,4018,43469.01863,2968,2443,7320
839739852,3926,43469.01866,2968,2443,7320
839739591,3555,43469.01868,2968,2443,7320
839739441,3370,43469.0187,2968,2443,7320
839739228,3278,43469.01873,2967,2443,7320
839739058,3203,43469.01875,2967,2443,7320
839738934,2815,43469.01877,2967,2443,7320
839738778,2815,43469.0188,2967,2443,7320
839738443,3000,43469.01882,2967,2443,7320
839738200,3129,43469.01884,2967,2443,7320
839737906,3000,43469.01887,2967,2443,7320
839737906,3000,43469.01889,2967,2443,7320
839737727,2944,43469.01891,2967,2443,7320
839737295,2963,43469.01894,2967,2443,7320
839736326,3074,43469.01896,2967,2443,7320
839735947,3000,43469.01898,12,2443,7320
839735432,3055,43469.019,12,2443,7320
null,null,43469.01903,null,null,7320
839734777,3296,43469.01905,12,2443,7320
839733332,3518,43469.01907,12,2443,7320
839732765,3463,43469.0191,12,2443,7320
839731376,3518,43469.01912,12,2443,7320
839729005,3463,43469.01914,12,2443,7320
839729005,3463,43469.01917,12,2443,7320
839727256,3315,43469.01919,12,2443,7320
839725594,3203,43469.01921,12,2443,7320
839723943,3092,43469.01924,12,2443,7320
839720862,3111,43469.01926,4030,2443,7320
839720862,3111,43469.01928,4030,2443,7320
839717006,2907,43469.01931,4030,2443,7320
839715533,2870,43469.01933,4030,2443,7320
839715533,2870,43469.01935,4030,2443,7320
839713974,2889,43469.01937,4030,2443,7320
839712413,2944,43469.0194,4030,2443,7320
839710110,2740,43469.01942,4030,2443,7320
839708699,2407,43469.01944,4030,2443,7320
839707500,2166,43469.01947,4030,2443,7320
839706386,1777,43469.01949,4030,2443,7320
839705442,1574,43469.01951,4031,2443,7320
839704689,1166,43469.01954,4031,2443,7320
839704010,1277,43469.01956,4031,2443,7320
839702961,1426,43469.01958,4031,2443,7320
839702961,1426,43469.01961,4031,2443,7320
839702270,1333,43469.01963,4031,2443,7320
839701411,296,43469.01965,4031,2443,7320
839701178,629,43469.01968,4031,2443,7320
839701178,629,43469.0197,4031,2443,7320
839700987,740,43469.01972,4031,2443,7320
839700509,1000,43469.01975,4031,2443,7320
839699904,1240,43469.01977,4031,2443,7320
839699171,1481,43469.01979,4031,2443,7320
839697017,1870,43469.01981,4031,2443,7320
839695977,2000,43469.01984,4031,2443,7320
839695977,2000,43469.01986,4031,2443,7320
839694480,2129,43469.01988,4031,2443,7320
839694011,2166,43469.01991,4031,2443,7320
839693188,2166,43469.01993,4032,2443,7320
839692511,2296,43469.01995,4032,2443,7320
839691685,2666,43469.01998,4032,2443,7320
839691685,2666,43469.02,4032,2443,7320
839691275,2870,43469.02002,4032,2443,7320
839691033,2870,43469.02005,4032,2443,7320
839691045,3000,43469.02007,4032,2443,7320
839691200,3296,43469.02009,4032,2443,7320
839691200,3296,43469.02012,4032,2443,7320
839690962,3241,43469.02014,4032,2443,7320
839690962,3241,43469.02016,4032,2443,7320
839690657,3241,43469.02019,4033,2443,7320
839689698,3148,43469.02021,4033,2443,7320
839687852,2944,43469.02023,4033,2443,7320
839686492,2778,43469.02025,4033,2443,7320
839685180,2389,43469.02028,4033,2443,7320
839684041,2055,43469.0203,4033,2443,7320
839684041,2055,43469.02032,4033,2443,7320
839682861,1370,43469.02035,4033,2443,7320
839682419,870,43469.02037,4033,2443,7320
839682198,592,43469.02039,4033,2443,7320
839681610,759,43469.02042,4033,2443,7320
839681188,814,43469.02044,1047,2443,7320
839680819,833,43469.02046,1047,2443,7320
839680819,833,43469.02049,1047,2443,7320
839680492,833,43469.02051,1047,2443,7320
839679859,851,43469.02053,1047,2443,7320
839679406,833,43469.02056,1047,2443,7320
839679184,851,43469.02058,1047,2443,7320
839678520,814,43469.0206,1047,2443,7320
839678057,796,43469.02062,1047,2443,7320
839677635,777,43469.02065,1047,2443,7320
839677034,796,43469.02067,1047,2443,7320
839676592,759,43469.02069,1047,2443,7320
839676592,759,43469.02072,1047,2443,7320
839676371,777,43469.02074,1047,2443,7320
839675676,759,43469.02076,1047,2443,7320
839675148,759,43469.02079,1047,2443,7320
839674610,777,43469.02081,1047,2443,7320
839673892,759,43469.02083,1047,2443,7320
839673712,777,43469.02086,1047,2443,7320
839673302,777,43469.02088,1047,2443,7320
839672945,740,43469.0209,1047,2443,7320
839672451,759,43469.02093,1047,2443,7320
839672126,759,43469.02095,1048,2443,7320
839671959,740,43469.02097,1048,2443,7320
839671468,759,43469.021,1048,2443,7320
839671133,759,43469.02102,1048,2443,7320
839670809,777,43469.02104,1048,2443,7320
839670339,759,43469.02106,1048,2443,7320
839670339,759,43469.02109,1048,2443,7320
839670026,759,43469.02111,1048,2443,7320
839669829,740,43469.02113,1048,2443,7320
839669757,740,43469.02116,1048,2443,7320
839669384,759,43469.02118,1048,2443,7320
839669061,777,43469.0212,1048,2443,7320
839668833,796,43469.02123,1048,2443,7320
839668491,814,43469.02125,1048,2443,7320
839668254,833,43469.02127,1048,2443,7320
839667973,851,43469.0213,1048,2443,7320
839667806,870,43469.02132,1048,2443,7320
839667232,851,43469.02134,1048,2443,7320
839666845,851,43469.02137,1048,2443,7320
839666406,833,43469.02139,1048,2443,7320
839666105,851,43469.02141,1048,2443,7320
839665625,833,43469.02144,1048,2443,7320
839665291,870,43469.02146,1048,2443,7320
839665291,870,43469.02148,1048,2443,7320
839664967,851,43469.0215,1048,2443,7320
839664800,888,43469.02153,1048,2443,7320
839664161,851,43469.02155,1048,2443,7320
839664161,851,43469.02157,1048,2443,7320
839663319,851,43469.0216,1048,2443,7320
839662530,907,43469.02162,1048,2443,7320
839661961,1129,43469.02164,1048,2443,7320
839661961,1129,43469.02167,1048,2443,7320
839660925,1277,43469.02169,1048,2443,7320
839659815,1537,43469.02171,1048,2443,7320
839658851,1759,43469.02174,1048,2443,7320
839658851,1759,43469.02176,1048,2443,7320
839657874,2000,43469.02178,1048,2443,7320
839656178,2185,43469.02181,1048,2443,7320
839655594,2240,43469.02183,1048,2443,7320
839654320,2296,43469.02185,3978,2443,7320
839652545,2296,43469.02187,3978,2443,7320
839651353,2426,43469.0219,3978,2443,7320
839648885,2555,43469.02192,3978,2443,7320
839647117,2463,43469.02194,3978,2443,7320
839647117,2463,43469.02197,3978,2443,7320
839646551,2481,43469.02199,3978,2443,7320
839643738,2426,43469.02201,3978,2443,7320
839642882,2148,43469.02204,3978,2443,7320
839642206,1796,43469.02206,3978,2443,7320
null,null,43469.02208,null,null,7320
839641450,1963,43469.02211,3978,2443,7320
839641450,1963,43469.02213,3978,2443,7320
839641142,2000,43469.02215,3978,2443,7320
839640930,1981,43469.02218,3978,2443,7320
839640886,1852,43469.0222,3978,2443,7320
839640853,1685,43469.02222,3978,2443,7320
839640827,1148,43469.02225,3978,2443,7320
839640766,1166,43469.02227,3978,2443,7320
839640766,1166,43469.02229,3978,2443,7320
839640725,1222,43469.02231,3978,2443,7320
839640653,1296,43469.02234,3978,2443,7320
839640653,1296,43469.02236,3978,2443,7320
839640712,1296,43469.02238,3978,2443,7320
839640755,1333,43469.02241,3978,2443,7320
839640869,1277,43469.02243,3978,2443,7320
839640871,1296,43469.02245,3978,2443,7320
839640909,1240,43469.02248,3978,2443,7320
839640916,1240,43469.0225,3978,2443,7320
839640916,1240,43469.02252,3978,2443,7320
839641129,1240,43469.02255,3978,2443,7320
839641043,1259,43469.02257,3978,2443,7320
839641205,1240,43469.02259,3978,2443,7320
839641243,1166,43469.02262,3978,2443,7320
839641378,1203,43469.02264,3978,2443,7320
839641400,1203,43469.02266,3978,2443,7320
839641400,1203,43469.02269,4830,2443,7320
839641476,1166,43469.02271,4830,2443,7320
839641548,1148,43469.02273,4830,2443,7320
839641544,1148,43469.02275,4830,2443,7320
839641527,1166,43469.02278,4830,2443,7320
839641442,1111,43469.0228,4830,2443,7320
839641442,1111,43469.02282,4830,2443,7320
839641313,1000,43469.02285,4830,2443,7320
839641228,1129,43469.02287,4830,2443,7320
null,null,43469.02289,null,null,7320
839641266,1148,43469.02292,4830,2443,7320
839641259,1148,43469.02294,4830,2443,7320
839641354,1129,43469.02296,4830,2443,7320
839641462,1166,43469.02299,4830,2443,7320
839641476,1166,43469.02301,4830,2443,7320
839641476,1166,43469.02303,4830,2443,7320
839641448,1129,43469.02306,4830,2443,7320
839641462,1111,43469.02308,4830,2443,7320
839641483,1129,43469.0231,4830,2443,7320
839641528,1111,43469.02312,4830,2443,7320
839641545,1129,43469.02315,4830,2443,7320
839641566,1129,43469.02317,4830,2443,7320
839641611,1111,43469.02319,4830,2443,7320
839641613,1148,43469.02322,4830,2443,7320
839641623,1166,43469.02324,4830,2443,7320
839641618,1166,43469.02326,4830,2443,7320
839641610,1203,43469.02329,4830,2443,7320
839641610,1203,43469.02331,4830,2443,7320
839641597,1203,43469.02333,4830,2443,7320
839641617,1185,43469.02336,4830,2443,7320
839641646,1203,43469.02338,4830,2443,7320
839641711,1185,43469.0234,4830,2443,7320
839641794,1166,43469.02343,4830,2443,7320
839641794,1166,43469.02345,4830,2443,7320
839641800,1166,43469.02347,4830,2443,7320
839641813,1092,43469.0235,4830,2443,7320
839641833,1129,43469.02352,4830,2443,7320
839641850,1166,43469.02354,4830,2443,7320
839641878,1185,43469.02356,4830,2443,7320
839641911,1185,43469.02359,4830,2443,7320
839641932,777,43469.02361,4830,2443,7320
839641929,777,43469.02363,4830,2443,7320
839641929,777,43469.02366,4830,2443,7320
839641944,796,43469.02368,4830,2443,7320
839641945,814,43469.0237,4830,2443,7320
839642013,796,43469.02373,4830,2443,7320
839642092,777,43469.02375,4830,2443,7320
839641964,888,43469.02377,4830,2443,7320
839641964,888,43469.0238,4830,2443,7320
839641130,1333,43469.02382,4830,2443,7320
839639854,1666,43469.02384,4830,2443,7320
839639854,1666,43469.02387,4830,2443,7320
839639197,1629,43469.02389,4830,2443,7320
839638991,1648,43469.02391,4830,2443,7320
839638893,1722,43469.02394,4830,2443,7320
839638884,1889,43469.02396,4830,2443,7320
839638884,1889,43469.02398,4830,2443,7320
839638716,2111,43469.024,4830,2443,7320
839638516,2222,43469.02403,4830,2443,7320
839638340,2444,43469.02405,4830,2443,7320
839638208,2333,43469.02407,4830,2443,7320
839638208,2333,43469.0241,4830,2443,7320
839637922,2296,43469.02412,4830,2443,7320
839637922,2296,43469.02414,4830,2443,7320
839637758,2444,43469.02417,4830,2443,7320
839637479,2426,43469.02419,4830,2443,7320
839637092,2389,43469.02421,4830,2443,7320
839636973,2370,43469.02424,4830,2443,7320
839636767,2315,43469.02426,4830,2443,7320
839636473,2185,43469.02428,4830,2443,7320
839636266,2037,43469.02431,4830,2443,7320
839636046,1796,43469.02433,4830,2443,7320
839635837,1722,43469.02435,4830,2443,7320
839635638,1629,43469.02437,4830,2443,7320
839635638,1629,43469.0244,4830,2443,7320
839635348,1574,43469.02442,4830,2443,7320
839635109,1277,43469.02444,4830,2443,7320
839634983,1055,43469.02447,4830,2443,7320
839634662,1074,43469.02449,4830,2443,7320
839633968,611,43469.02451,4830,2443,7320
839633809,574,43469.02454,4830,2443,7320
839633809,574,43469.02456,4830,2443,7320
839633608,629,43469.02458,4830,2443,7320
839633182,685,43469.02461,4830,2443,7320
839632936,574,43469.02463,4830,2443,7320
839632850,463,43469.02465,4830,2443,7320
839632681,37,43469.02468,4830,2443,7320
839632681,37,43469.0247,4830,2443,7320
839632681,37,43469.02472,4830,2443,7320
839632766,388,43469.02475,4830,2443,7320
839633050,574,43469.02477,4830,2443,7320
839633619,685,43469.02479,4830,2443,7320
839633788,629,43469.02481,4830,2443,7320
839634021,425,43469.02484,4830,2443,7320
839633907,537,43469.02486,4830,2443,7320
839633907,537,43469.02488,4830,2443,7320
839633848,444,43469.02491,4830,2443,7320
839633832,370,43469.02493,4830,2443,7320
839633811,74,43469.02495,4830,2443,7320
839633811,74,43469.02498,4830,2443,7320
839633759,148,43469.025,4830,2443,7320
839633727,240,43469.02502,4830,2443,7320
839633750,240,43469.02505,4830,2443,7320
839633750,240,43469.02507,4830,2443,7320
839633783,166,43469.02509,4830,2443,7320
839633783,166,43469.02512,4830,2443,7320
839633783,166,43469.02514,4830,2443,7320
839633762,37,43469.02516,4830,2443,7320
839633751,37,43469.02519,4830,2443,7320
839633688,18,43469.02521,4830,2443,7320
839633646,18,43469.02523,4830,2443,7320
839633646,37,43469.02525,4830,2443,7320
839633646,0,43469.02528,4830,2443,7320
839633646,0,43469.0253,4830,2443,7320
839633647,18,43469.02532,4830,2443,7320
839633668,37,43469.02535,4830,2443,7320
839633689,0,43469.02537,-1,2443,7320
839633731,0,43469.02539,-1,2443,7320
839633732,18,43469.02542,-1,2443,7320
839633732,18,43469.02544,-1,2443,7320
839633700,37,43469.02546,-1,2443,7320
839633732,0,43469.02549,-1,2443,7320
839633753,0,43469.02551,-1,2443,7320
839633753,0,43469.02553,-1,2443,7320
839633765,166,43469.02556,-1,2443,7320
839633786,277,43469.02558,-1,2443,7320
839633786,277,43469.0256,-1,2443,7320
839633814,370,43469.02562,-1,2443,7320
839633834,259,43469.02565,-1,2443,7320
839633855,129,43469.02567,-1,2443,7320
839633939,148,43469.02569,-1,2443,7320
839633980,240,43469.02572,-1,2443,7320
839633980,240,43469.02574,-1,2443,7320
839634001,277,43469.02576,-1,2443,7320
839634000,370,43469.02579,-1,0,7320
839633993,722,43469.02581,-1,0,7320
839634072,796,43469.02583,-1,0,7320
839634136,796,43469.02586,-1,0,7320
839634176,740,43469.02588,-1,0,7320
839634212,833,43469.0259,-1,0,7320
839634255,1055,43469.02593,-1,0,7320
839634255,1055,43469.02595,4830,0,7320
839634321,1277,43469.02597,4830,0,7320
839634321,1277,43469.026,4830,0,7320
839634396,1648,43469.02602,4830,0,7320
839634409,1907,43469.02604,4830,0,7320
839634423,2000,43469.02606,4830,0,7320
839634494,2148,43469.02609,4830,0,7320
839634661,2148,43469.02611,4830,0,7320
839634745,2592,43469.02613,4830,0,7320
839634813,2500,43469.02616,4830,0,7320
839634813,2500,43469.02618,4830,0,7320
839634904,2463,43469.0262,4830,0,7320
839634970,2370,43469.02623,4830,0,7320
null,null,43469.02625,null,null,7320
839635154,2352,43469.02627,4830,0,7320
839635458,2463,43469.0263,4830,0,7320
839635780,2537,43469.02632,4830,0,7320
839635909,2555,43469.02634,4830,0,7320
839636412,2518,43469.02637,4830,0,7320
839636723,2481,43469.02639,4830,0,7320
839637145,2203,43469.02641,4830,0,7320
839637286,2185,43469.02644,4830,0,7320
839638682,2000,43469.02646,4830,0,7320
839638682,2000,43469.02648,4830,0,7320
839639068,1870,43469.0265,4830,0,7320
839641221,1740,43469.02653,4830,0,7320
839641221,1740,43469.02655,4830,0,7320
839642183,1740,43469.02657,4830,0,7320
839643044,1537,43469.0266,4830,0,7320
839643044,1537,43469.02662,4830,0,7320
839643917,1926,43469.02664,4830,0,7320
839643893,2166,43469.02667,4830,0,7320
839643769,2148,43469.02669,4830,0,7320
839643677,2222,43469.02671,4830,0,7320
839643677,2222,43469.02674,4830,0,7320
839643545,2796,43469.02676,4830,0,7320
839643492,2907,43469.02678,4830,0,7320
839643394,2315,43469.02681,4830,0,7320
839643415,2092,43469.02683,4830,0,7320
839643422,2129,43469.02685,4830,0,7320
839643496,2037,43469.02687,4830,0,7320
839643510,1852,43469.0269,4830,0,7320
839643528,1574,43469.02692,4830,0,7320
839643512,1407,43469.02694,4830,0,7320
839643445,814,43469.02697,4830,0,7320
839643451,629,43469.02699,4830,0,7320
839643451,629,43469.02701,4830,0,7320
839643497,425,43469.02704,4830,0,7320
839643498,277,43469.02706,4830,0,7320
839643497,148,43469.02708,4830,0,7320
839643497,129,43469.02711,4830,0,7320
839643508,0,43469.02713,4830,0,7320
839643530,203,43469.02715,4830,0,7320
839643510,407,43469.02718,4830,0,7320
839643483,518,43469.0272,4830,0,7320
839643455,518,43469.02722,4830,0,7320
839643436,518,43469.02725,4830,0,7320
839643358,537,43469.02727,4830,0,7320
839643330,537,43469.02729,4830,0,7320
839643263,796,43469.02731,4830,0,7320
839643266,926,43469.02734,4830,0,7320
839643295,1444,43469.02736,4830,0,7320
839643231,2277,43469.02738,4830,0,7320
839643079,2907,43469.02741,4830,0,7320
839642879,3148,43469.02743,4830,0,7320
839642731,3259,43469.02745,4830,0,7320
839642731,3259,43469.02748,4830,0,7320
839642542,3148,43469.0275,4830,0,7320
839642405,3092,43469.02752,4830,0,7320
839642234,2963,43469.02755,3978,0,7320
839642117,3055,43469.02757,3978,0,7320
839642021,3055,43469.02759,3978,0,7320
839642021,3055,43469.02762,3978,0,7320
839641841,3000,43469.02764,3978,0,7320
839641841,3000,43469.02766,3978,0,7320
839641892,2963,43469.02769,3978,0,7320
839641901,3000,43469.02771,3978,0,7320
839641994,2944,43469.02773,3978,0,7320
839642425,2759,43469.02775,3978,0,7320
839644260,2796,43469.02778,3978,0,7320
839644260,2796,43469.0278,3978,0,7320
839645487,2889,43469.02782,3978,0,7320
839645487,2889,43469.02785,3978,0,7320
839646798,2907,43469.02787,3978,0,7320
839648675,2963,43469.02789,3978,0,7320
839649347,2981,43469.02792,3978,0,7320
839650709,2907,43469.02794,3978,0,7320
839650709,2907,43469.02796,3978,0,7320
839654249,2759,43469.02799,3978,0,7320
839655756,2796,43469.02801,1048,0,7320
839657270,2778,43469.02803,1048,0,7320
839657270,2778,43469.02806,1048,0,7320
839660240,2778,43469.02808,1048,0,7320
839662319,2889,43469.0281,1048,0,7320
839663487,3166,43469.02812,1048,0,7320
839664049,3241,43469.02815,1048,0,7320
839665725,3111,43469.02817,1048,0,7320
839666967,3074,43469.02819,1048,0,7320
839666967,3074,43469.02822,1048,0,7320
839668349,3129,43469.02824,1048,0,7320
839670657,3166,43469.02826,1048,0,7320
839671476,3166,43469.02829,1048,0,7320
839673138,3148,43469.02831,1047,0,7320
839675687,3129,43469.02833,1047,0,7320
839677385,3129,43469.02836,1047,0,7320
839679116,3111,43469.02838,1047,0,7320
839681735,3092,43469.0284,1047,0,7320
839681735,3092,43469.02843,1047,0,7320
839682590,3074,43469.02845,1047,0,7320
839685951,2944,43469.02847,1047,0,7320
839688231,2889,43469.0285,1047,0,7320
839688231,2889,43469.02852,1047,0,7320
839690370,2981,43469.02854,1047,0,7320
839690370,2981,43469.02856,1047,0,7320
839692148,3315,43469.02859,1047,0,7320
839692867,3389,43469.02861,4033,0,7320
839692867,3389,43469.02863,4033,0,7320
839693018,3166,43469.02866,4033,0,7320
839692943,3018,43469.02868,4033,0,7320
839692901,2944,43469.0287,4033,0,7320
839692901,2944,43469.02873,4033,0,7320
839692910,2852,43469.02875,4033,0,7320
839693106,2444,43469.02877,4033,0,7320
839693480,2166,43469.0288,4033,0,7320
839693840,1259,43469.02882,4033,0,7320
839694047,703,43469.02884,4033,0,7320
839694125,277,43469.02887,4032,0,7320
839694190,574,43469.02889,4032,0,7320
null,null,43469.02891,null,null,7320
839694256,592,43469.02894,4032,0,7320
839694612,981,43469.02896,4032,0,7320
839695713,1537,43469.02898,4032,0,7320
839695713,1537,43469.029,4032,0,7320
839698390,2666,43469.02903,4032,0,7320
839698390,2666,43469.02905,4032,0,7320
839699886,2944,43469.02907,4032,0,7320
839700673,3037,43469.0291,4032,0,7320
839703273,3592,43469.02912,4032,0,7320
839705110,3629,43469.02914,4031,0,7320
839707044,3759,43469.02917,4031,0,7320
839709953,3778,43469.02919,4031,0,7320
839710961,3796,43469.02921,4031,0,7320
839712978,3852,43469.02924,4031,0,7320
839712978,3852,43469.02926,4031,0,7320
839716127,4037,43469.02928,4031,0,7320
839718310,4333,43469.02931,4031,0,7320
839720629,4481,43469.02933,4031,0,7320
839723086,4555,43469.02935,4031,0,7320
839725510,4574,43469.02937,4030,0,7320
839727914,4518,43469.0294,4030,0,7320
839731522,4630,43469.02942,4030,0,7320
839733726,4592,43469.02944,4030,0,7320
839733726,4592,43469.02947,4030,0,7320
839736828,4722,43469.02949,4030,0,7320
839737681,4667,43469.02951,4030,0,7320
839737681,4667,43469.02954,4030,0,7320
839738324,4555,43469.02956,4030,0,7320
839738924,4500,43469.02958,4030,0,7320
839739581,4444,43469.02961,2967,0,7320
839740198,4370,43469.02963,2967,0,7320
839740386,4370,43469.02965,2967,0,7320
839740448,4352,43469.02968,2967,0,7320
839740448,4352,43469.0297,2967,0,7320
839740453,4426,43469.02972,2967,0,7320
839740517,4648,43469.02975,2967,0,7320
839740517,4648,43469.02977,2967,0,7320
839740539,4907,43469.02979,2967,0,7320
839740823,5130,43469.02981,2967,0,7320
839741079,5167,43469.02984,2967,0,7320
839741336,5241,43469.02986,2968,0,7320
839741646,5222,43469.02988,2968,0,7320
839741646,5222,43469.02991,2968,0,7320
839741935,5259,43469.02993,2968,0,7320
839742427,5352,43469.02995,2968,0,7320
839742474,5407,43469.02998,2968,0,7320
839742474,5407,43469.03,2968,0,7320
839742529,5574,43469.03002,2968,0,7320
839742330,5389,43469.03005,2968,0,7320
839742330,5389,43469.03007,3022,0,7320
839742228,5407,43469.03009,3022,0,7320
839742200,5444,43469.03012,3022,0,7320
839741794,5296,43469.03014,3022,0,7320
839741794,5296,43469.03016,3022,0,7320
839741585,5055,43469.03019,3022,0,7320
839741324,5018,43469.03021,3022,0,7320
839741224,5055,43469.03023,3022,0,7320
839740968,5018,43469.03025,3022,0,7320
839740796,5055,43469.03028,3022,0,7320
839740757,5111,43469.0303,3022,0,7320
839740757,5111,43469.03032,3022,0,7320
839740665,5148,43469.03035,3022,0,7320
839740488,5074,43469.03037,3022,0,7320
839740564,4907,43469.03039,3022,0,7320
839741112,4685,43469.03042,3022,0,7320
839743853,4111,43469.03044,21,0,7320
839745455,3852,43469.03046,21,0,7320
839747667,3444,43469.03049,21,0,7320
839747667,3444,43469.03051,21,0,7320
839749078,3333,43469.03053,21,0,7320
839750257,3296,43469.03056,21,0,7320
839750814,3278,43469.03058,21,0,7320
839752142,3203,43469.0306,21,0,7320
839752849,3185,43469.03062,21,0,7320
839753460,3185,43469.03065,21,0,7320
839754104,3166,43469.03067,21,0,7320
839754377,3111,43469.03069,22,0,7320
839754715,3074,43469.03072,22,0,7320
839755020,3018,43469.03074,22,0,7320
839755188,3037,43469.03076,22,0,7320
839755714,2889,43469.03079,22,0,7320
839756051,2907,43469.03081,22,0,7320
839756365,2870,43469.03083,22,0,7320
839756836,2870,43469.03086,22,0,7320
839757130,2852,43469.03088,22,0,7320
839757130,2852,43469.0309,22,0,7320
839757369,2666,43469.03093,22,0,7320
839757608,2611,43469.03095,23,0,7320
839757723,2666,43469.03097,23,0,7320
839758172,2740,43469.031,23,0,7320
839758706,2815,43469.03102,23,0,7320
839758894,2833,43469.03104,23,0,7320
839759314,2889,43469.03106,23,0,7320
839759798,2907,43469.03109,23,0,7320
839760795,2907,43469.03111,23,0,7320
839761668,2870,43469.03113,23,0,7320
839762718,2815,43469.03116,23,0,7320
839763914,2778,43469.03118,86,0,7320
839763914,2778,43469.0312,86,0,7320
839765223,2722,43469.03123,86,0,7320
839767334,2778,43469.03125,86,0,7320
839768754,2722,43469.03127,86,0,7320
839770288,2740,43469.0313,86,0,7320
839771823,2740,43469.03132,86,0,7320
839772563,2740,43469.03134,86,0,7320
839774796,2722,43469.03137,86,0,7320
839776372,2778,43469.03139,86,0,7320
839777887,2852,43469.03141,86,0,7320
839780217,2870,43469.03144,86,0,7320
839780217,2870,43469.03146,86,0,7320
839781742,2889,43469.03148,86,0,7320
839784146,2907,43469.0315,25,0,7320
839786571,2889,43469.03153,25,0,7320
839788127,2852,43469.03155,25,0,7320
839789651,2833,43469.03157,25,0,7320
839789651,2833,43469.0316,25,0,7320
839793538,2852,43469.03162,25,0,7320
839793538,2852,43469.03164,25,0,7320
839795043,2815,43469.03167,25,0,7320
839796600,2833,43469.03169,25,0,7320
839797395,2833,43469.03171,25,0,7320
839799703,2870,43469.03174,25,0,7320
839801303,2889,43469.03176,2003,0,7320
839802891,2870,43469.03178,2003,0,7320
839805264,2870,43469.03181,2003,0,7320
839806800,2889,43469.03183,2003,0,7320
839807562,2870,43469.03185,2003,0,7320
839807562,2870,43469.03187,2003,0,7320
839809861,2889,43469.0319,2003,0,7320
839811314,2907,43469.03192,2003,0,7320
839813946,2963,43469.03194,2003,0,7320
839815280,2889,43469.03197,2003,0,7320
839815280,2889,43469.03199,2003,0,7320
839815922,2944,43469.03201,2003,0,7320
839816281,3000,43469.03204,2003,0,7320
839816543,3037,43469.03206,2003,0,7320
839816554,2963,43469.03208,2003,0,7320
839816668,3018,43469.03211,2003,0,7320
839816709,3018,43469.03213,2003,0,7320
839816697,3018,43469.03215,2004,0,7320
839816601,2981,43469.03218,2004,0,7320
839816452,2963,43469.0322,2004,0,7320
839816471,2963,43469.03222,2004,0,7320
839816471,2963,43469.03225,2004,0,7320
839816543,2926,43469.03227,2004,0,7320
839816690,2870,43469.03229,2004,0,7320
839817276,2833,43469.03231,2004,0,7320
839817653,2815,43469.03234,2004,0,7320
839817884,2555,43469.03236,2004,0,7320
839817884,2555,43469.03238,2004,0,7320
839818428,2555,43469.03241,2004,0,7320
839819024,2537,43469.03243,2004,0,7320
839820009,2629,43469.03245,2004,0,7320
839820826,2685,43469.03248,2004,0,7320
839820826,2685,43469.0325,2004,0,7320
839821760,2722,43469.03252,2004,0,7320
839824391,2740,43469.03255,582,0,7320
839825575,2796,43469.03257,582,0,7320
839826183,2778,43469.03259,582,0,7320
839827418,2796,43469.03262,582,0,7320
839829501,2815,43469.03264,582,0,7320
839829501,2815,43469.03266,582,0,7320
839830871,2796,43469.03269,582,0,7320
839832442,2815,43469.03271,582,0,7320
839834667,2833,43469.03273,582,0,7320
839837006,2889,43469.03275,582,0,7320
839838583,2889,43469.03278,582,0,7320
839838583,2889,43469.0328,582,0,7320
839840922,2889,43469.03282,582,0,7320
839842561,2889,43469.03285,582,0,7320
839845026,2926,43469.03287,582,0,7320
839845026,2926,43469.03289,582,0,7320
839846634,2907,43469.03292,582,0,7320
839847406,2926,43469.03294,582,0,7320
839848981,2889,43469.03296,582,0,7320
839851301,2833,43469.03299,582,0,7320
839854881,3185,43469.03301,582,0,7320
839854881,3185,43469.03303,235,0,7320
839855591,3352,43469.03306,235,0,7320
839857021,3648,43469.03308,235,0,7320
839858504,3815,43469.0331,235,0,7320
839860576,3815,43469.03312,235,0,7320
839862617,3685,43469.03315,235,0,7320
839862617,3685,43469.03317,235,0,7320
839864658,3666,43469.03319,235,0,7320
839865897,3592,43469.03322,235,0,7320
839865897,3592,43469.03324,235,0,7320
839867940,3518,43469.03326,235,0,7320
839869924,3037,43469.03329,235,0,7320
839871637,2444,43469.03331,388,0,7320
839871637,2444,43469.03333,388,0,7320
839872663,1889,43469.03336,388,0,7320
839873051,1555,43469.03338,388,0,7320
839873919,1055,43469.0334,388,0,7320
839874411,1074,43469.03343,388,0,7320
839875289,1592,43469.03345,388,0,7320
839876084,2074,43469.03347,388,0,7320
839876555,2222,43469.0335,388,0,7320
839877678,2463,43469.03352,387,0,7320
839879793,2759,43469.03354,387,0,7320
839881325,2889,43469.03356,387,0,7320
839882851,2944,43469.03359,387,0,7320
839884380,2981,43469.03361,38,0,7320
839885815,3018,43469.03363,38,0,7320
839887263,3074,43469.03366,38,0,7320
839889352,3203,43469.03368,38,0,7320
839889352,3203,43469.0337,38,0,7320
839890749,3222,43469.03373,38,0,7320
839891370,3241,43469.03375,38,0,7320
839893253,3259,43469.03377,38,0,7320
839894368,3185,43469.0338,38,0,7320
839895778,3074,43469.03382,38,0,7320
839896146,2963,43469.03384,2693,0,7320
839896892,2926,43469.03387,2693,0,7320
839897880,2592,43469.03389,2693,0,7320
839898455,2611,43469.03391,2693,0,7320
839899053,2648,43469.03394,2693,0,7320
839899713,2722,43469.03396,2693,0,7320
839900437,2852,43469.03398,2693,0,7320
839901728,2722,43469.034,2693,0,7320
839902180,2796,43469.03403,2693,0,7320
839902180,2796,43469.03405,2693,0,7320
839903259,2870,43469.03407,2693,0,7320
839905415,2889,43469.0341,4260,0,7320
839907006,3055,43469.03412,4260,0,7320
839908712,3203,43469.03414,4260,0,7320
839910416,3055,43469.03417,4260,0,7320
839912118,3055,43469.03419,4260,0,7320
839913773,2963,43469.03421,4260,0,7320
839915780,2352,43469.03424,4260,0,7320
839916827,2296,43469.03426,4260,0,7320
839918300,2333,43469.03428,4260,0,7320
839919616,1722,43469.03431,4260,0,7320
839920326,1759,43469.03433,4260,0,7320
839921123,1852,43469.03435,4260,0,7320
839921123,1852,43469.03437,4260,0,7320
839922045,1963,43469.0344,4260,0,7320
839923630,2277,43469.03442,4260,0,7320
839923630,2277,43469.03444,4260,0,7320
839924977,3000,43469.03447,4260,0,7320
839926642,3074,43469.03449,4833,0,7320
839928381,3241,43469.03451,4833,0,7320
839930140,3203,43469.03454,4833,0,7320
839931865,3166,43469.03456,4833,0,7320
839933453,2981,43469.03458,4833,0,7320
839935647,2759,43469.03461,4833,0,7320
839937043,2944,43469.03463,4833,0,7320
839938417,2722,43469.03465,4833,0,7320
839939760,2666,43469.03468,4833,0,7320
839940933,2444,43469.0347,-1,0,7320
839941873,2185,43469.03472,-1,0,7320
839942578,2129,43469.03475,-1,0,7320
839942578,2129,43469.03477,-1,0,7320
839943180,1870,43469.03479,-1,0,7320
839943905,1518,43469.03481,-1,0,7320
839944416,1185,43469.03484,-1,0,7320
839945027,1148,43469.03486,-1,0,7320
839945693,1074,43469.03488,-1,0,7320
839945693,1074,43469.03491,-1,0,7320
839946192,777,43469.03493,-1,0,7320
839946308,0,43469.03495,-1,0,7320
839946373,74,43469.03498,-1,0,7320
839946394,314,43469.035,-1,0,7320
839946141,611,43469.03502,-1,0,7320
839945730,703,43469.03505,-1,0,7320
839945400,796,43469.03507,-1,0,7320
839945028,722,43469.03509,-1,0,7320
839944581,537,43469.03512,-1,0,7320
839944390,407,43469.03514,-1,0,7320
839944369,55,43469.03516,-1,0,7320
839944369,111,43469.03519,-1,0,7320
839944390,18,43469.03521,-1,0,7320
839944421,18,43469.03523,-1,0,7320
839944475,0,43469.03525,-1,0,7320
839944527,0,43469.03528,-1,0,7320
839944527,0,43469.0353,-1,0,7320
839944527,0,43469.03532,-1,0,7320
839944539,0,43469.03535,-1,0,7320
839944539,0,43469.03537,-1,0,7320
839944539,18,43469.03539,-1,0,7320
839944539,0,43469.03542,-1,0,7320
839944539,0,43469.03544,-1,0,7320
839944528,55,43469.03546,-1,0,7320
839944528,0,43469.03549,-1,0,7320
839944528,0,43469.03551,-1,0,7320
839944539,0,43469.03553,-1,0,7320
839944539,0,43469.03556,-1,0,7320
839944528,0,43469.03558,-1,0,7320
839944507,18,43469.0356,-1,0,7320
839944507,0,43469.03562,-1,0,7320
839944507,18,43469.03565,-1,0,7320
839944507,0,43469.03567,-1,0,7320
839944486,0,43469.03569,-1,0,7320
839944507,0,43469.03572,-1,0,7320
839944507,0,43469.03574,-1,0,7320
839944507,18,43469.03576,-1,0,7320
839944507,0,43469.03579,-1,0,7320
839944507,0,43469.03581,-1,820,7320
839944486,0,43469.03583,-1,820,7320
839944486,0,43469.03586,-1,820,7320
839944486,0,43469.03588,-1,820,7320
839944507,18,43469.0359,-1,820,7320
839944507,0,43469.03593,-1,820,7320
839944507,37,43469.03595,-1,820,7320
839944486,0,43469.03597,-1,820,7320
839944486,18,43469.036,-1,820,7320
839944486,0,43469.03602,-1,820,7320
839944486,0,43469.03604,-1,820,7320
839944476,0,43469.03606,-1,820,7320
839944476,18,43469.03609,-1,820,7320
839944444,18,43469.03611,-1,820,7320
839944423,18,43469.03613,-1,820,7320
839944412,18,43469.03616,-1,1264,7320
839944391,18,43469.03618,-1,1264,7320
839944391,18,43469.0362,-1,1264,7320
839944370,0,43469.03623,-1,1264,7320
839944360,0,43469.03625,-1,1264,7320
839944338,55,43469.03627,-1,1264,7320
839944338,0,43469.0363,-1,1264,7320
839944307,0,43469.03632,-1,1264,7320
839944307,0,43469.03634,-1,1264,7320
839944316,18,43469.03637,-1,1264,7320
839944316,0,43469.03639,-1,1264,7320
839944316,18,43469.03641,-1,1264,7320
839944316,18,43469.03644,-1,1264,7320
839944306,18,43469.03646,-1,1264,7320
839944306,18,43469.03648,-1,1264,7320
839944285,0,43469.0365,-1,1722,7320
839944264,18,43469.03653,-1,1722,7320
839944253,0,43469.03655,-1,1722,7320
839944253,0,43469.03657,-1,1722,7320
839944221,0,43469.0366,-1,1722,7320
839944221,0,43469.03662,-1,1722,7320
839944253,0,43469.03664,-1,1722,7320
839944253,0,43469.03667,-1,1722,7320
839944285,18,43469.03669,-1,1722,7320
839944306,0,43469.03671,-1,1722,7320
839944306,0,43469.03674,-1,1722,7320
839944285,18,43469.03676,-1,1722,7320
839944285,0,43469.03678,-1,1722,7320
839944285,18,43469.03681,-1,1722,7320
839944285,0,43469.03683,-1,1722,7320
839944264,18,43469.03685,-1,1722,7320
839944253,0,43469.03687,-1,1722,7320
839944221,0,43469.0369,-1,2166,7320
839944221,0,43469.03692,-1,2166,7320
839944264,0,43469.03694,-1,2166,7320
839944264,0,43469.03697,-1,2166,7320
839944284,0,43469.03699,-1,2166,7320
839944305,0,43469.03701,-1,2166,7320
839944315,0,43469.03704,-1,2166,7320
839944315,18,43469.03706,-1,2166,7320
839944336,0,43469.03708,-1,2166,7320
839944336,18,43469.03711,-1,2166,7320
839944315,18,43469.03713,-1,2166,7320
839944315,259,43469.03715,-1,2166,7320
839944315,259,43469.03718,-1,2166,7320
839944920,703,43469.0372,-1,2444,7320
839945365,870,43469.03722,-1,2444,7320
839945895,1055,43469.03725,-1,2444,7320
839945895,1055,43469.03727,-1,2444,7320
839946602,1389,43469.03729,-1,2444,7320
839946782,1740,43469.03731,4833,2444,7320
839946645,1537,43469.03734,4833,2444,7320
839946266,1740,43469.03736,4833,2444,7320
839945759,1852,43469.03738,4833,2444,7320
839944655,2000,43469.03741,4833,2444,7320
839943831,2092,43469.03743,4833,2400,7320
839942932,2166,43469.03745,4833,2400,7320
839941843,2463,43469.03748,4833,2400,7320
839940541,2555,43469.0375,4833,2400,7320
839939879,2666,43469.03752,4833,2400,7320
839938426,2796,43469.03755,4833,2400,7320
839937648,2870,43469.03757,4833,2400,7320
839937648,2870,43469.03759,4833,2400,7320
839933894,2629,43469.03762,4833,2400,7320
839932470,2592,43469.03764,4833,2400,7320
839931047,2703,43469.03766,4833,2400,7320
839929486,2852,43469.03769,4833,2400,7320
839927073,2944,43469.03771,4833,2400,7320
839926295,2889,43469.03773,4833,2400,7320
839924782,2796,43469.03775,4833,2400,7320
839922926,2111,43469.03778,4260,2400,7320
839922444,1796,43469.0378,4260,2400,7320
839921240,1537,43469.03782,4260,2400,7320
839921240,1537,43469.03785,4260,2400,7320
839920676,1222,43469.03787,4260,2400,7320
839920131,1333,43469.03789,4260,2400,7320
839919524,1351,43469.03792,4260,2400,7320
839918959,1407,43469.03794,4260,2400,7320
839918352,1407,43469.03796,4260,2400,7320
839917402,1463,43469.03799,4260,2400,7320
839917402,1463,43469.03801,4260,2400,7320
839916763,1481,43469.03803,4260,2400,7320
839916158,1555,43469.03806,4260,2400,7320
839915530,1537,43469.03808,4260,2400,7320
839914270,1629,43469.0381,4260,2400,7320
839913336,1852,43469.03812,4260,2400,7320
839912283,2074,43469.03815,4260,2400,7320
839911145,2185,43469.03817,4260,2400,7320
839909963,2185,43469.03819,4260,2400,7320
839908768,2203,43469.03822,4260,2400,7320
839907468,2463,43469.03824,4260,2400,7320
839905361,2740,43469.03826,4260,2400,7320
839904661,2703,43469.03829,4260,2400,7320
839903355,2592,43469.03831,4260,2400,7320
839902319,2574,43469.03833,4260,2400,7320
839900988,2629,43469.03836,4260,2400,7320
839900988,2629,43469.03838,4260,2400,7320
839900214,2481,43469.0384,2693,2400,7320
839899471,2518,43469.03843,2693,2400,7320
839898843,2722,43469.03845,2693,2400,7320
839897709,3018,43469.03847,2693,2400,7320
839896888,3278,43469.0385,2693,2400,7320
839896519,3055,43469.03852,2693,2400,7320
839895730,2870,43469.03854,2693,2400,7320
839894604,3148,43469.03856,2693,2400,7320
839893858,3018,43469.03859,2693,2400,7320
839893058,2944,43469.03861,2693,2400,7320
839892082,2944,43469.03863,2693,2400,7320
839890485,3000,43469.03866,2693,2400,7320
839889865,2963,43469.03868,38,2400,7320
839888627,3000,43469.0387,38,2400,7320
839887284,3000,43469.03873,38,2400,7320
839887284,3000,43469.03875,38,2400,7320
839885199,3000,43469.03877,38,2400,7320
839883713,2981,43469.0388,38,2400,7320
839882103,2870,43469.03882,38,2400,7320
839879674,2926,43469.03884,38,2400,7320
839878853,2944,43469.03887,38,2400,7320
839877275,2926,43469.03889,38,2400,7320
839875814,2944,43469.03891,387,2400,7320
839873591,3111,43469.03894,387,2400,7320
839872125,3037,43469.03896,387,2400,7320
839870785,3000,43469.03898,387,2400,7320
839869615,3018,43469.039,387,2400,7320
839868522,3092,43469.03903,387,2400,7320
839867439,3037,43469.03905,387,2400,7320
839866335,3203,43469.03907,387,2400,7320
839865127,3259,43469.0391,387,2400,7320
839865127,3259,43469.03912,387,2400,7320
839863325,3222,43469.03914,388,2400,7320
839862104,3222,43469.03917,388,2400,7320
839860959,3203,43469.03919,388,2400,7320
839859771,3148,43469.03921,388,2400,7320
839858010,3037,43469.03924,388,2400,7320
839856799,2963,43469.03926,388,2400,7320
839855544,2833,43469.03928,388,2400,7320
839854862,2685,43469.03931,388,2400,7320
839853613,2481,43469.03933,388,2400,7320
839851571,2259,43469.03935,388,2400,7320
839849846,1777,43469.03937,235,2400,7320
839848844,1926,43469.0394,235,2400,7320
839847735,2166,43469.03942,235,2400,7320
839847154,2277,43469.03944,582,2400,7320
839845875,2333,43469.03947,582,2400,7320
839845875,2333,43469.03949,582,2400,7320
839844119,2185,43469.03951,582,2400,7320
839842860,2352,43469.03954,582,2400,7320
839841579,2259,43469.03956,582,2400,7320
839840352,2296,43469.03958,582,2400,7320
839839051,2259,43469.03961,582,2400,7320
839835920,2259,43469.03963,582,2400,7320
839835920,2259,43469.03965,582,2400,7320
839835920,2259,43469.03968,582,2400,7320
839833610,2277,43469.0397,582,2400,7320
839832423,2277,43469.03972,582,2400,7320
839831225,2296,43469.03975,582,2400,7320
839831225,2296,43469.03977,582,2400,7320
839830026,2259,43469.03979,582,2400,7320
839828890,2259,43469.03981,582,2400,7320
839827775,2296,43469.03984,582,2400,7320
839826659,2222,43469.03986,582,2400,7320
839825158,2222,43469.03988,582,2400,7320
839824240,2296,43469.03991,582,2400,7320
839823331,2277,43469.03993,582,2400,7320
839822380,2240,43469.03995,582,2400,7320
839821065,2222,43469.03998,582,2400,7320
839820638,2240,43469.04,582,2400,7320
839819750,2240,43469.04002,2004,2400,7320
839819750,2240,43469.04005,2004,2400,7320
839818989,2259,43469.04007,2004,2400,7320
839817235,2259,43469.04009,2004,2400,7320
839816725,2333,43469.04012,2004,2400,7320
839816725,2333,43469.04014,2004,2400,7320
839816245,2277,43469.04016,2004,2400,7320
839815840,2222,43469.04019,2004,2400,7320
839815491,2259,43469.04021,2004,2400,7320
839815327,2315,43469.04023,2004,2400,7320
839815207,2296,43469.04025,2004,2400,7320
839815054,2259,43469.04028,2004,2400,7320
839814986,2203,43469.0403,2004,2400,7320
839814939,2222,43469.04032,2004,2400,7320
839814871,2240,43469.04035,2004,2400,7320
839814953,2222,43469.04037,2004,2400,7320
839815085,2259,43469.04039,2004,2400,7320
839815176,2129,43469.04042,2004,2400,7320
839815203,2203,43469.04044,2004,2400,7320
839815166,2315,43469.04046,2004,2400,7320
839815119,2277,43469.04049,2004,2400,7320
839815119,2277,43469.04051,2004,2400,7320
839815010,2222,43469.04053,2004,2400,7320
839814893,2240,43469.04056,2003,2400,7320
839814740,2277,43469.04058,2003,2400,7320
839814462,2277,43469.0406,2003,2400,7320
839814286,2222,43469.04062,2003,2400,7320
839813536,2240,43469.04065,2003,2400,7320
839812912,2222,43469.04067,2003,2400,7320
839812097,2222,43469.04069,2003,2400,7320
839811170,2240,43469.04072,2003,2400,7320
839810095,2277,43469.04074,2003,2400,7320
839808459,2240,43469.04076,2003,2400,7320
839807335,2277,43469.04079,2003,2400,7320
839806138,2222,43469.04081,2003,2400,7320
839804952,2203,43469.04083,2003,2400,7320
839803775,2222,43469.04086,2003,2400,7320
839803775,2222,43469.04088,2003,2400,7320
839802555,2259,43469.0409,2003,2400,7320
839800722,2222,43469.04093,2003,2400,7320
839799556,2222,43469.04095,2003,2400,7320
839798275,2222,43469.04097,2003,2400,7320
839797035,2315,43469.041,25,2400,7320
839795755,2259,43469.04102,25,2400,7320
839794517,2277,43469.04104,25,2400,7320
839792123,2277,43469.04106,25,2400,7320
839790926,2259,43469.04109,25,2400,7320
839789200,2222,43469.04111,25,2400,7320
839789200,2222,43469.04113,25,2400,7320
839788014,2240,43469.04116,25,2400,7320
839786817,2259,43469.04118,25,2400,7320
839785619,2240,43469.0412,25,2400,7320
839784421,2240,43469.04123,25,2400,7320
839783224,2240,43469.04125,25,2400,7320
839781392,2240,43469.04127,86,2400,7320
839780174,2222,43469.0413,86,2400,7320
839778956,2222,43469.04132,86,2400,7320
839777687,2277,43469.04134,86,2400,7320
839776470,2277,43469.04137,86,2400,7320
839775263,2259,43469.04139,86,2400,7320
839774046,2277,43469.04141,86,2400,7320
839774046,2277,43469.04144,86,2400,7320
839772808,2277,43469.04146,86,2400,7320
839771570,2240,43469.04148,86,2400,7320
839770385,2222,43469.0415,86,2400,7320
839768553,2259,43469.04153,86,2400,7320
839767303,2222,43469.04155,86,2400,7320
839766106,2240,43469.04157,86,2400,7320
839764865,2315,43469.0416,86,2400,7320
839763771,2277,43469.04162,86,2400,7320
839762737,2222,43469.04164,86,2400,7320
