xcor,ycor,velocidad,timecreac,tramosid,tonelaje,
19857198,839632034,2.96,43469,-1,243.3,
19857280,839632035,2.4,43469.00002,-1,243.3,
19857445,839632015,3.14,43469.00005,-1,243.3,
19857528,839632006,2.03,43469.00007,-1,243.3,
19857610,839631986,0.92,43469.00009,-1,243.3,
19857610,839631986,1.29,43469.00012,-1,243.3,
19857693,839631966,0.55,43469.00014,-1,243.3,
19857693,839631966,0.55,43469.00016,-1,243.3,
19857693,839631934,0,43469.00019,-1,243.3,
19857693,839631934,0.18,43469.00021,-1,243.3,
19857693,839631934,0,43469.00023,-1,243.3,
19857776,839631903,0,43469.00025,-1,243.3,
19857776,839631872,0,43469.00028,-1,243.3,
19857777,839631851,0,43469.0003,-1,243.3,
19857777,839631851,0,43469.00032,-1,243.3,
19857859,839631873,0,43469.00035,-1,243.3,
19857859,839631873,0.18,43469.00037,-1,243.3,
19857941,839631853,0.18,43469.00039,-1,243.3,
19857941,839631853,0.18,43469.00042,-1,243.3,
19857941,839631853,0.18,43469.00044,-1,243.3,
19857941,839631853,0.18,43469.00046,-1,243.3,
19858023,839631875,3.14,43469.00049,-1,243.3,
19857858,839631936,3.14,43469.00051,-1,243.3,
19857775,839631967,3.51,43469.00053,-1,243.3,
19857775,839631967,3.51,43469.00056,-1,243.3,
19857527,839632059,4.44,43469.00058,-1,243.3,
19857362,839632120,3.14,43469.0006,-1,243.3,
19857114,839632149,4.07,43469.00062,-1,243.3,
19856867,839632198,4.25,43469.00065,-1,243.3,
19856620,839632227,5.18,43469.00067,-1,243.3,
19856124,839632358,7.77,43469.00069,-1,243.3,
19855629,839632437,10,43469.00072,4830,0,
19855051,839632588,12.4,43469.00074,4830,0,
19855051,839632588,12.4,43469.00076,4830,0,
19854308,839632801,16.66,43469.00079,4830,0,
19853235,839633041,20.74,43469.00081,4830,0,
19850511,839633673,20.55,43469.00083,4830,0,
19849933,839633803,20.92,43469.00086,4830,0,
19849933,839633803,20.92,43469.00088,4830,0,
19848777,839634095,22.4,43469.0009,4830,0,
19847043,839634549,22.03,43469.00093,4830,0,
19845805,839634798,21.66,43469.00095,4830,0,
19844651,839634964,20.92,43469.00097,4830,0,
19844651,839634964,20.92,43469.001,4830,0,
19843499,839634950,18.33,43469.00102,4830,0,
19842593,839634981,14.63,43469.00104,4830,0,
19842181,839635029,1.11,43469.00106,4830,0,
19842181,839635007,0.18,43469.00109,4830,0,
19842099,839634985,0.18,43469.00111,4830,0,
19842181,839634986,0.18,43469.00113,4830,0,
19842181,839634986,0,43469.00116,4830,0,
19842181,839635007,0,43469.00118,4830,0,
19842098,839635028,0,43469.0012,4830,0,
19842098,839635038,0,43469.00123,4830,0,
19842098,839635038,0,43469.00125,4830,0,
19842016,839635037,0,43469.00127,4830,0,
19842016,839635037,0,43469.0013,4830,0,
19842016,839635037,0,43469.00132,4830,0,
19842016,839635037,0,43469.00134,4830,0,
19842016,839635037,0,43469.00137,4830,0,
19841934,839635036,0,43469.00139,4830,0,
19841933,839635057,0.18,43469.00141,4830,0,
19841933,839635057,0.18,43469.00144,4830,0,
19841933,839635078,0.18,43469.00146,4830,0,
19841933,839635078,0.18,43469.00148,4830,0,
19841933,839635089,0.18,43469.0015,4830,0,
19841851,839635088,0.18,43469.00153,4830,0,
19841850,839635120,0.18,43469.00155,4830,0,
19841850,839635120,0.18,43469.00157,4830,0,
19841768,839635140,0,43469.0016,4830,0,
19841768,839635140,0.18,43469.00162,4830,0,
19841768,839635140,0.18,43469.00164,4830,0,
19841768,839635140,0,43469.00167,4830,0,
19841768,839635140,0.37,43469.00169,4830,0,
19841768,839635140,0.37,43469.00171,4830,0,
19841686,839635139,0.18,43469.00174,4830,0,
19841686,839635139,0.55,43469.00176,4830,0,
19841686,839635139,0.74,43469.00178,4830,0,
19841686,839635139,0.18,43469.00181,4830,0,
19841686,839635139,0,43469.00183,4830,0,
19841686,839635139,0,43469.00185,4830,0,
19841686,839635118,4.07,43469.00187,4830,0,
19841438,839635199,6.29,43469.0019,4830,0,
19841025,839635289,8.33,43469.00192,4830,0,
19840612,839635432,10,43469.00194,4830,0,
19840612,839635432,10,43469.00197,4830,0,
19840034,839635594,13.33,43469.00199,4830,0,
19838796,839635832,18.7,43469.00201,4830,0,
19837642,839635987,20.55,43469.00204,4830,0,
19837642,839635987,20.55,43469.00206,4830,0,
19835249,839636475,23.15,43469.00208,4830,0,
19832856,839636910,22.03,43469.00211,4830,0,
19832856,839636910,22.03,43469.00213,4830,0,
19830958,839637331,22.4,43469.00215,4830,0,
19829881,839637877,21.29,43469.00218,4830,0,
19829383,839638230,19.63,43469.0022,4830,0,
19828462,839639528,18.14,43469.00222,4830,0,
19828121,839640464,17.59,43469.00225,4830,0,
19828110,839641404,14.07,43469.00227,4830,0,
19828110,839641404,14.07,43469.00229,4830,0,
19828347,839642199,15,43469.00231,4830,0,
19829323,839643151,16.66,43469.00234,4830,0,
19830224,839643500,16.11,43469.00236,4830,0,
19830633,839643695,17.4,43469.00238,4830,0,
19832112,839643913,16.66,43469.00241,4830,0,
19833183,839643895,20.92,43469.00243,4830,0,
19834583,839643849,24.81,43469.00245,4830,0,
19836558,839643820,22.4,43469.00248,4830,0,
19837876,839643783,22.77,43469.0025,4830,0,
19838452,839643748,22.77,43469.00252,4830,0,
19839770,839643722,22.96,43469.00255,4830,0,
19841663,839643713,23.15,43469.00257,4830,0,
19842980,839643708,24.63,43469.00259,4830,0,
19844462,839643674,27.78,43469.00262,4830,0,
19846027,839643608,30,43469.00264,4830,0,
19846027,839643608,30,43469.00266,4830,0,
19849486,839643482,31.29,43469.00269,4830,0,
19849486,839643482,31.29,43469.00271,4830,0,
19851299,839643293,30.92,43469.00273,4830,0,
19851299,839643293,30.92,43469.00275,4830,0,
19855499,839643069,30.55,43469.00278,4830,0,
19857228,839643027,30.74,43469.0028,4830,0,
19859040,839642986,31.48,43469.00282,4830,0,
19861675,839642891,31.11,43469.00285,4830,0,
19862581,839642860,30.92,43469.00287,3978,0,
19864310,839642829,31.48,43469.00289,3978,0,
19866121,839642777,31.48,43469.00292,3978,0,
19868758,839642555,31.48,43469.00294,3978,0,
19870489,839642334,30.92,43469.00296,3978,0,
19872136,839642259,30.55,43469.00299,3978,0,
19872136,839642259,30.55,43469.00301,3978,0,
19874770,839642238,31.29,43469.00303,3978,0,
19875676,839642260,31.29,43469.00306,3978,0,
19877401,839642524,30.18,43469.00308,3978,0,
19878876,839643070,26.11,43469.0031,3978,0,
19880505,839644441,27.22,43469.00312,3978,0,
19881561,839645626,28.89,43469.00315,3978,0,
19882533,839646927,28.7,43469.00317,3978,0,
19883019,839647545,27.78,43469.00319,3978,0,
19884479,839649348,29.26,43469.00322,3978,0,
19885451,839650648,28.89,43469.00324,3978,0,
19886340,839651968,28.7,43469.00326,3978,0,
19887466,839654168,29.44,43469.00329,3978,0,
19887466,839654168,29.44,43469.00331,3978,0,
19888023,839655664,28.89,43469.00333,1048,0,
19888179,839656426,28.7,43469.00336,1048,0,
19888645,839658681,28.7,43469.00338,1048,0,
19888626,839660233,28.15,43469.0034,1048,0,
19888196,839661738,28.7,43469.00343,1048,0,
19886527,839663587,30.92,43469.00345,1048,0,
19885862,839664128,32.03,43469.00347,1048,0,
19884449,839665283,30.92,43469.0035,1048,0,
19883200,839666429,30.37,43469.00352,1048,0,
19881447,839668456,30.74,43469.00354,1048,0,
19880524,839669892,29.44,43469.00356,1048,0,
19879848,839671288,27.96,43469.00359,1048,0,
19879162,839673582,29.63,43469.00361,1048,0,
19879070,839674383,29.07,43469.00363,1047,0,
19878885,839676007,28.15,43469.00366,1047,0,
19878528,839678326,28.7,43469.00368,1047,0,
19878424,839680046,30.92,43469.0037,1047,0,
19878402,839681926,36.11,43469.00373,1047,0,
19878471,839682982,37.59,43469.00375,1047,0,
19878471,839682982,37.59,43469.00377,1047,0,
19878924,839686304,41.29,43469.0038,1047,0,
19879804,839688374,40.37,43469.00382,1047,0,
19881830,839690996,37.59,43469.00384,1047,0,
19883379,839692283,35.18,43469.00387,1047,0,
19886082,839693329,32.03,43469.00389,4033,0,
19888633,839693382,27.22,43469.00391,4033,0,
19890115,839693357,24.26,43469.00394,4033,0,
19890115,839693357,24.26,43469.00396,4033,0,
19892010,839693254,20.92,43469.00398,4033,0,
19893000,839693044,17.4,43469.004,4033,0,
19893494,839693029,16.48,43469.00403,4033,0,
19894398,839693146,14.81,43469.00405,4033,0,
19894398,839693146,14.81,43469.00407,4033,0,
19895137,839693260,12.22,43469.0041,4033,0,
19895876,839693428,13.51,43469.00412,4033,0,
19897024,839693843,12.22,43469.00414,4033,0,
19897761,839694116,9.63,43469.00417,4032,0,
19898252,839694323,7.77,43469.00419,4032,0,
19898499,839694326,0,43469.00421,4032,0,
19898499,839694326,0,43469.00424,4032,0,
19898417,839694293,3.14,43469.00426,4032,0,
19899234,839694799,9.63,43469.00428,4032,0,
19899234,839694799,9.63,43469.00431,4032,0,
19899806,839695197,11.48,43469.00433,4032,0,
19900537,839695956,14.26,43469.00435,4032,0,
19900537,839695956,14.26,43469.00437,4032,0,
19901104,839696765,19.44,43469.0044,4032,0,
19901666,839697860,22.96,43469.00442,4032,0,
19901666,839697860,22.96,43469.00444,4032,0,
19901666,839697860,22.96,43469.00447,4032,0,
19901666,839697860,22.96,43469.00449,4032,0,
19901666,839697860,22.96,43469.00451,4032,0,
19901666,839697860,22.96,43469.00454,4032,0,
19901666,839697860,22.96,43469.00456,4032,0,
19901666,839697860,22.96,43469.00458,4032,0,
19901666,839697860,22.96,43469.00461,4032,0,
19901666,839697860,22.96,43469.00463,4032,0,
19901666,839697860,22.96,43469.00465,4032,0,
19901666,839697860,22.96,43469.00468,4032,0,
19901666,839697860,22.96,43469.0047,4032,0,
19901666,839697860,22.96,43469.00472,4032,0,
19910518,839721242,37.59,43469.00475,4030,0,
19910836,839722197,37.78,43469.00477,4030,0,
19911306,839724156,38.15,43469.00479,4030,0,
19911926,839727300,38.15,43469.00481,4030,0,
19912477,839729345,38.33,43469.00484,4030,0,
19913276,839731350,39.63,43469.00486,4030,0,
19915219,839734035,39.44,43469.00488,4030,0,
19916033,839734774,38.52,43469.00491,4030,0,
19917829,839735947,38.15,43469.00493,12,0,
19919875,839736922,38.7,43469.00495,12,0,
19924879,839738409,37.22,43469.00498,12,0,
19924879,839738409,37.22,43469.005,12,0,
19926930,839738941,35.18,43469.00502,12,0,
19928818,839739407,35.37,43469.00505,12,0,
19931692,839739949,36.11,43469.00507,12,0,
19933746,839740291,35.92,43469.00509,12,0,
19935800,839740601,35.74,43469.00512,12,0,
19937773,839740815,34.81,43469.00514,12,0,
19937773,839740815,34.81,43469.00516,2967,0,
19941719,839741169,35.37,43469.00519,2967,0,
19943775,839741385,37.04,43469.00521,2967,0,
19945829,839741716,37.41,43469.00523,2967,0,
19945829,839741716,37.41,43469.00525,2967,0,
19948048,839741975,38.52,43469.00528,2967,0,
19950185,839742223,38.33,43469.0053,2967,0,
19953392,839742526,37.78,43469.00532,2967,0,
19957585,839742904,36.29,43469.00535,2967,0,
19957585,839742904,36.29,43469.00537,2967,0,
19958572,839742990,36.11,43469.00539,2967,0,
19961781,839743082,38.89,43469.00542,2967,0,
19963923,839742939,38.52,43469.00544,2968,0,
19966147,839742840,39.81,43469.00546,2968,0,
19968368,839742930,40.92,43469.00549,2968,0,
19971823,839743130,43.15,43469.00551,2968,0,
19974292,839743160,44.26,43469.00553,2968,0,
19976844,839743086,46.85,43469.00556,2968,0,
19978162,839743049,48.15,43469.00558,2968,0,
19982280,839742877,51.85,43469.0056,2968,0,
19982280,839742877,51.85,43469.00562,2968,0,
19985163,839742722,50.55,43469.00565,3022,0,
19987880,839742608,51.11,43469.00567,3022,0,
19990763,839742484,50.74,43469.00569,3022,0,
19995046,839742251,52.41,43469.00572,3022,0,
19997847,839742042,50.93,43469.00574,3022,0,
20000649,839741823,50.37,43469.00576,3022,0,
20003368,839741613,48.89,43469.00579,3022,0,
20007404,839741356,50,43469.00581,3022,0,
20008805,839741267,48.7,43469.00583,3022,0,
20011358,839741098,46.11,43469.00586,3022,0,
20013912,839740949,45.74,43469.00588,3022,0,
20016465,839740811,46.67,43469.0059,3022,0,
20020419,839740585,47.78,43469.00593,3022,0,
20020419,839740585,47.78,43469.00595,3022,0,
20023053,839740585,47.04,43469.00597,3022,0,
20025684,839740871,45.18,43469.006,21,0,
20028063,839741501,43.33,43469.00602,21,0,
20031005,839743279,38.7,43469.00604,21,0,
20032386,839744785,35,43469.00606,21,0,
20033603,839746268,33.52,43469.00609,21,0,
20034171,839746951,31.48,43469.00611,21,0,
20036043,839748705,30.37,43469.00613,21,0,
20037346,839749809,30.37,43469.00616,21,0,
20038733,839750818,29.81,43469.00618,21,0,
20040941,839752017,29.63,43469.0062,21,0,
20041678,839752396,29.07,43469.00623,21,0,
20043234,839753038,29.44,43469.00625,22,0,
20043234,839753038,29.44,43469.00627,22,0,
20047086,839754383,28.7,43469.0063,22,0,
20048645,839754782,29.44,43469.00632,22,0,
20050287,839755119,28.89,43469.00634,22,0,
20052751,839755645,28.33,43469.00637,22,0,
20054392,839756045,27.78,43469.00639,22,0,
20055213,839756214,26.29,43469.00641,22,0,
20056609,839756516,25.55,43469.00644,22,0,
20056609,839756516,25.55,43469.00646,22,0,
20058745,839756880,26.85,43469.00648,23,0,
20061701,839757412,27.96,43469.0065,23,0,
20061701,839757412,27.96,43469.00653,23,0,
20063261,839757758,28.33,43469.00655,23,0,
20064904,839758052,28.33,43469.00657,23,0,
20066465,839758325,28.33,43469.0066,23,0,
20068763,839758828,28.89,43469.00662,23,0,
20070157,839759257,28.52,43469.00664,23,0,
20071634,839759665,28.89,43469.00667,23,0,
20073111,839760032,29.07,43469.00669,23,0,
20073850,839760220,28.7,43469.00671,86,0,
20076146,839760956,28.33,43469.00674,86,0,
20077619,839761639,29.26,43469.00676,86,0,
20079090,839762554,27.96,43469.00678,86,0,
20079090,839762554,27.96,43469.00681,86,0,
20080716,839764179,27.59,43469.00683,86,0,
20080716,839764179,27.59,43469.00685,86,0,
20082083,839766878,27.59,43469.00687,86,0,
20082239,839767619,27.22,43469.0069,86,0,
20082624,839769820,27.4,43469.00692,86,0,
20082852,839771343,27.22,43469.00694,86,0,
20083081,839772846,27.22,43469.00697,86,0,
20083383,839775056,27.4,43469.00699,86,0,
20083383,839775056,27.4,43469.00701,86,0,
20083849,839777343,27.4,43469.00704,86,0,
20084396,839779778,28.52,43469.00706,86,0,
20084396,839779778,28.52,43469.00708,86,0,
20084788,839781378,28.89,43469.00711,86,0,
20085181,839782967,28.52,43469.00713,86,0,
20085481,839785336,28.89,43469.00715,25,0,
20085709,839786933,28.89,43469.00718,25,0,
20086019,839788489,29.07,43469.0072,25,0,
20086329,839790087,28.52,43469.00722,25,0,
20086721,839791676,28.52,43469.00725,25,0,
20087031,839793306,29.07,43469.00727,25,0,
20087342,839794841,28.33,43469.00729,25,0,
20087808,839797085,28.33,43469.00731,25,0,
20087964,839797837,28.33,43469.00734,25,0,
20088357,839799373,28.52,43469.00736,25,0,
20088749,839800930,28.33,43469.00738,25,0,
20089051,839803225,27.78,43469.00741,2003,0,
20089362,839804718,27.59,43469.00743,2003,0,
20089673,839806200,27.22,43469.00745,2003,0,
20089673,839806200,27.22,43469.00748,2003,0,
20089985,839807682,27.03,43469.0075,2003,0,
20090460,839809198,27.59,43469.00752,2003,0,
20090854,839810681,28.52,43469.00755,2003,0,
20091981,839812786,29.26,43469.00757,2003,0,
20093036,839814013,29.81,43469.00759,2003,0,
20094342,839814948,27.03,43469.00762,2003,0,
20096470,839815966,27.96,43469.00764,2003,0,
20097289,839816261,28.89,43469.00766,2003,0,
20097289,839816261,28.89,43469.00769,2003,0,
20098932,839816598,28.89,43469.00771,2003,0,
20102388,839816693,28.52,43469.00773,2003,0,
20104034,839816670,28.52,43469.00775,2003,0,
20106420,839816752,28.7,43469.00778,2003,0,
20107984,839816813,28.7,43469.0078,2004,0,
20109630,839816844,28.52,43469.00782,2004,0,
20111194,839816852,28.52,43469.00785,2004,0,
null,null,#¡VALOR!,43469.00787,null,#¡VALOR!,
20113580,839816881,28.33,43469.00789,2004,0,
20115144,839816910,28.33,43469.00792,2004,0,
20117530,839817003,28.7,43469.00794,2004,0,
20119831,839817326,28.33,43469.00796,2004,0,
20121309,839817618,28.15,43469.00799,2004,0,
20121309,839817618,28.15,43469.00801,2004,0,
20122786,839818059,28.33,43469.00803,2004,0,
20124260,839818615,27.96,43469.00806,2004,0,
20126386,839819845,27.96,43469.00808,2004,0,
20126386,839819845,27.96,43469.0081,2004,0,
20127693,839820653,27.4,43469.00812,2004,0,
20129733,839822124,27.96,43469.00815,2004,0,
20131443,839823644,27.78,43469.00817,2004,0,
20132583,839824735,27.96,43469.00819,582,0,
20132583,839824735,27.96,43469.00822,582,0,
20134447,839827112,27.4,43469.00824,582,0,
20135657,839829176,28.15,43469.00826,582,0,
20135978,839829898,27.96,43469.00829,582,0,
20135978,839829898,27.96,43469.00831,582,0,
20136537,839831288,27.96,43469.00833,582,0,
20137252,839833408,27.96,43469.00836,582,0,
20137645,839834923,28.33,43469.00838,582,0,
20137645,839834923,28.33,43469.0084,582,0,
20137645,839834923,28.33,43469.00843,582,0,
20138331,839839472,28.89,43469.00845,582,0,
20138331,839839472,28.89,43469.00847,582,0,
20138861,839843301,29.07,43469.0085,582,0,
20139088,839844930,29.07,43469.00852,582,0,
20139316,839846549,29.07,43469.00854,582,0,
20139388,839847373,29.07,43469.00856,582,0,
20139388,839847373,29.07,43469.00859,582,0,
20139527,839849529,26.11,43469.00861,582,0,
20139426,839851028,27.59,43469.00863,582,0,
20137736,839854661,32.59,43469.00866,582,0,
20136565,839856178,35.55,43469.00868,582,0,
20135898,839856920,37.04,43469.0087,235,0,
20133566,839859183,38.15,43469.00873,235,0,
20132067,839860601,36.66,43469.00875,235,0,
20132067,839860601,36.66,43469.00877,235,0,
20130486,839861997,37.41,43469.0088,235,0,
20128157,839863965,36.29,43469.00882,235,0,
20128157,839863965,36.29,43469.00884,235,0,
20126578,839865223,35.74,43469.00887,235,0,
20124332,839867129,34.44,43469.00889,235,0,
20122085,839869192,35.92,43469.00891,235,0,
20120750,839870686,37.41,43469.00894,235,0,
20119414,839872212,35.92,43469.00896,235,0,
20117658,839874493,33.7,43469.00898,388,0,
20117658,839874493,33.7,43469.009,388,0,
20116570,839875979,32.96,43469.00903,388,0,
20116067,839876691,31.85,43469.00905,388,0,
20115144,839878169,30,43469.00907,388,0,
20114703,839880571,28.15,43469.0091,38,0,
20115014,839882096,26.66,43469.00912,38,0,
20115894,839884218,28.7,43469.00914,38,0,
20116297,839884920,28.7,43469.00917,38,0,
20117185,839886335,30,43469.00919,38,0,
20118156,839887709,29.44,43469.00921,38,0,
20119780,839889630,30,43469.00924,38,0,
20120917,839890890,30.37,43469.00926,38,0,
20122137,839892129,30.18,43469.00928,38,0,
20123358,839893253,28.89,43469.00931,38,0,
20124662,839894282,29.81,43469.00933,38,0,
20126051,839895207,28.33,43469.00935,2693,0,
20128177,839896395,27.78,43469.00937,2693,0,
20129485,839897139,25,43469.0094,2693,0,
20129485,839897139,25,43469.00942,2693,0,
20130139,839897485,25.37,43469.00944,2693,0,
20131448,839898187,25.74,43469.00947,2693,0,
20133495,839899078,26.48,43469.00949,2693,0,
20134887,839899707,27.03,43469.00951,2693,0,
20136279,839900326,28.15,43469.00954,2693,0,
20138488,839901409,28.33,43469.00956,2693,0,
20139792,839902480,28.89,43469.00958,2693,0,
20140847,839903781,29.44,43469.00961,4260,0,
20141250,839904483,29.63,43469.00963,4260,0,
20142211,839906712,28.89,43469.00965,4260,0,
20142686,839908218,28.15,43469.00968,4260,0,
20142686,839908218,28.15,43469.0097,4260,0,
20142998,839909658,27.96,43469.00972,4260,0,
20143216,839912036,27.78,43469.00975,4260,0,
20143207,839912818,27.96,43469.00977,4260,0,
20143024,839914325,27.4,43469.00979,4260,0,
20142094,839916363,27.78,43469.00981,4260,0,
20141254,839917736,29.44,43469.00984,4260,0,
20140249,839919192,34.44,43469.00986,4260,0,
20140249,839919192,34.44,43469.00988,4260,0,
20139077,839920783,37.22,43469.00991,4260,0,
20137985,839922607,39.26,43469.00993,4260,0,
20136890,839924632,43.33,43469.00995,4260,0,
20135530,839928195,48.15,43469.00998,4833,0,
20134759,839930699,44.63,43469.01,4833,0,
20133993,839932739,35.55,43469.01002,4833,0,
20133993,839932739,35.55,43469.01005,4833,0,
20133653,839933632,34.26,43469.01007,4833,0,
20132388,839936183,34.44,43469.01009,4833,0,
20131462,839937861,35.55,43469.01012,4833,0,
20130536,839939561,34.26,43469.01014,4833,0,
20129196,839941435,24.07,43469.01016,4833,0,
20128198,839942278,23.15,43469.01019,4833,0,
20126207,839943521,18.14,43469.01021,4833,0,
20126207,839943521,18.14,43469.01023,4833,0,
20126207,839943521,18.14,43469.01025,4833,0,
20126207,839943521,18.14,43469.01028,4833,0,
20126207,839943521,18.14,43469.0103,4833,0,
20126207,839943521,18.14,43469.01032,4833,0,
20126207,839943521,18.14,43469.01035,4833,0,
20126207,839943521,18.14,43469.01037,4833,0,
20126207,839943521,18.14,43469.01039,4833,0,
20126207,839943521,18.14,43469.01042,4833,0,
20126207,839943521,18.14,43469.01044,4833,0,
20126207,839943521,18.14,43469.01046,4833,0,
20125605,839945679,5.92,43469.01049,4833,0,
20125444,839945402,6.48,43469.01051,4833,0,
20125283,839945115,5.55,43469.01053,-1,0,
20124957,839944837,5.92,43469.01056,-1,0,
20124712,839944612,2.59,43469.01058,-1,0,
20124631,839944579,0.55,43469.0106,-1,0,
20124548,839944610,0.18,43469.01062,-1,0,
20124548,839944589,0.55,43469.01065,-1,0,
20124466,839944556,0.18,43469.01067,-1,0,
20124466,839944556,0,43469.01069,-1,0,
20124466,839944556,0.18,43469.01072,-1,0,
20124466,839944556,0.18,43469.01074,-1,0,
20124384,839944576,0,43469.01076,-1,0,
20124466,839944577,0,43469.01079,-1,0,
20124384,839944576,0,43469.01081,-1,0,
20124302,839944554,0.18,43469.01083,-1,0,
20124302,839944554,0.18,43469.01086,-1,0,
20124301,839944586,0,43469.01088,-1,0,
20124301,839944586,0,43469.0109,-1,0,
20124219,839944606,0.18,43469.01093,-1,0,
20124219,839944606,0.18,43469.01095,-1,0,
20124219,839944606,0.18,43469.01097,-1,0,
20124219,839944585,0.37,43469.011,-1,0,
20124219,839944574,0.18,43469.01102,-1,0,
20124219,839944553,0,43469.01104,-1,91.6,
20124220,839944532,0,43469.01106,-1,91.6,
20124220,839944532,0,43469.01109,-1,91.6,
20124220,839944522,0,43469.01111,-1,91.6,
20124220,839944522,0,43469.01113,-1,91.6,
20124220,839944479,0,43469.01116,-1,91.6,
20124220,839944479,0.18,43469.01118,-1,91.6,
20124220,839944479,0.18,43469.0112,-1,91.6,
20124220,839944479,0,43469.01123,-1,91.6,
20124220,839944479,0,43469.01125,-1,91.6,
20124220,839944469,0.18,43469.01127,-1,91.6,
20124220,839944469,0,43469.0113,-1,91.6,
20124303,839944438,0.55,43469.01132,-1,91.6,
20124303,839944417,0.37,43469.01134,-1,91.6,
20124303,839944417,0,43469.01137,-1,137.2,
20124221,839944416,0.37,43469.01139,-1,137.2,
20124303,839944417,0,43469.01141,-1,137.2,
20124303,839944406,0.18,43469.01144,-1,137.2,
20124303,839944406,0.18,43469.01146,-1,137.2,
20124304,839944385,0,43469.01148,-1,137.2,
20124304,839944364,0,43469.0115,-1,137.2,
20124304,839944364,0.18,43469.01153,-1,137.2,
20124304,839944354,0.18,43469.01155,-1,137.2,
20124304,839944332,0.18,43469.01157,-1,137.2,
20124304,839944332,0,43469.0116,-1,137.2,
20124304,839944354,0.18,43469.01162,-1,137.2,
20124304,839944364,0.18,43469.01164,-1,137.2,
20124304,839944364,0.18,43469.01167,-1,137.2,
20124386,839944355,0,43469.01169,-1,137.2,
20124304,839944354,0.18,43469.01171,-1,137.2,
20124304,839944354,0,43469.01174,-1,137.2,
20124304,839944354,0,43469.01176,-1,137.2,
20124304,839944354,0,43469.01178,-1,182,
20124304,839944354,0,43469.01181,-1,182,
20124304,839944354,0,43469.01183,-1,182,
20124304,839944364,0.37,43469.01185,-1,182,
20124386,839944365,0,43469.01187,-1,182,
20124304,839944385,0,43469.0119,-1,182,
20124304,839944385,0,43469.01192,-1,182,
20124304,839944385,0.37,43469.01194,-1,182,
20124304,839944385,0.37,43469.01197,-1,182,
20124304,839944385,0.18,43469.01199,-1,182,
20124304,839944385,0,43469.01201,-1,182,
20124304,839944364,0.18,43469.01204,-1,182,
20124304,839944364,0.18,43469.01206,-1,182,
20124304,839944385,0.18,43469.01208,-1,182,
20124304,839944385,0.18,43469.01211,-1,182,
20124303,839944406,0.18,43469.01213,-1,222.1,
20124303,839944406,0.18,43469.01215,-1,222.1,
20124303,839944406,0,43469.01218,-1,222.1,
20124303,839944417,0,43469.0122,-1,222.1,
20124303,839944417,0.18,43469.01222,-1,222.1,
20124303,839944417,0,43469.01225,-1,222.1,
20124303,839944438,0,43469.01227,-1,222.1,
20124303,839944438,0,43469.01229,-1,222.1,
20124303,839944438,0,43469.01231,-1,222.1,
20124303,839944438,0.18,43469.01234,-1,222.1,
20124303,839944417,1.29,43469.01236,-1,222.1,
20124303,839944406,3.51,43469.01238,-1,222.1,
20124628,839944759,6.66,43469.01241,-1,222.1,
20124953,839945111,8.33,43469.01243,-1,237.9,
20125442,839945529,10.55,43469.01245,-1,237.9,
20125442,839945529,10.55,43469.01248,-1,237.9,
20126014,839945874,10.74,43469.0125,-1,237.9,
20127413,839945954,12.59,43469.01252,4833,237.9,
20128239,839945742,14.26,43469.01255,4833,237.9,
20129398,839945144,15.92,43469.01257,4833,237.9,
20130146,839944604,17.59,43469.01259,4833,237.9,
20130895,839943937,17.59,43469.01262,4833,237.9,
20131563,839943111,18.89,43469.01264,4833,237.9,
20131563,839943111,18.89,43469.01266,4833,244.3,
20132315,839942180,21.85,43469.01269,4833,244.3,
20133239,839940639,23.33,43469.01271,4833,244.3,
20133830,839939432,24.81,43469.01273,4833,244.3,
20134340,839938118,25.37,43469.01275,4833,244.3,
20134768,839936729,26.11,43469.01278,4833,244.3,
20135115,839935329,25.74,43469.0128,4833,244.3,
20135461,839933950,25,43469.01282,4833,244.3,
20135560,839932546,25.55,43469.01285,4833,244.3,
20135742,839931070,26.48,43469.01287,4833,244.3,
20135842,839929603,27.59,43469.01289,4833,244.3,
20136108,839928054,29.26,43469.01292,4833,244.3,
20136795,839925750,28.7,43469.01294,4833,244.3,
20137387,839924363,24.81,43469.01296,4833,244.3,
20137387,839924363,24.81,43469.01299,4260,244.3,
20138059,839923273,19.26,43469.01301,4260,244.3,
20138481,839922465,16.29,43469.01303,4260,244.3,
20138982,839921806,13.89,43469.01306,4260,244.3,
20139402,839921188,12.4,43469.01308,4260,244.3,
20139903,839920603,13.14,43469.0131,4260,244.3,
20140318,839920280,13.33,43469.01312,4260,244.3,
20140816,839919927,13.7,43469.01315,4260,244.3,
20141564,839919387,15,43469.01317,4260,244.3,
20142062,839918992,14.81,43469.01319,4260,244.3,
20142062,839918992,14.81,43469.01322,4260,244.3,
20142895,839918168,15.18,43469.01324,4260,244.3,
20143480,839917488,15.55,43469.01326,4260,244.3,
20143901,839916723,15.92,43469.01329,4260,244.3,
20144322,839915925,16.29,43469.01331,4260,244.3,
20144744,839915033,17.03,43469.01333,4260,244.3,
20145003,839914096,17.4,43469.01336,4260,244.3,
20145261,839913138,18.14,43469.01338,4260,244.3,
20145357,839912030,19.63,43469.0134,4260,244.3,
20145289,839910847,21.85,43469.01343,4260,244.3,
20145222,839909537,22.77,43469.01345,4260,244.3,
20144991,839908203,24.81,43469.01347,4260,244.3,
20144357,839906210,25.74,43469.0135,4260,244.3,
20143797,839904905,25.37,43469.01352,4260,244.3,
20142988,839903681,26.29,43469.01354,4260,244.3,
20142095,839902656,25,43469.01356,4260,244.3,
20142095,839902656,25,43469.01359,4260,244.3,
20140300,839901346,25.55,43469.01361,4260,244.3,
20139646,839900947,25.92,43469.01363,2693,244.3,
20138339,839900118,26.66,43469.01366,2693,244.3,
20137031,839899342,26.48,43469.01368,2693,244.3,
20134823,839898122,30.18,43469.0137,2693,244.3,
20133187,839897268,32.59,43469.01373,2693,244.3,
20131552,839896393,29.26,43469.01375,2693,244.3,
20130079,839895626,29.81,43469.01377,2693,244.3,
20128525,839894815,31.48,43469.0138,2693,244.3,
20126971,839893962,30.55,43469.01382,2693,244.3,
20124847,839892648,29.07,43469.01384,2693,244.3,
20123542,839891639,29.44,43469.01387,2693,244.3,
20122404,839890475,30,43469.01389,38,244.3,
20121835,839889876,30.55,43469.01391,38,244.3,
20120212,839887924,30.37,43469.01394,38,244.3,
20120212,839887924,30.37,43469.01396,38,244.3,
20119241,839886497,31.11,43469.01398,38,244.3,
20118281,839884226,29.44,43469.014,38,244.3,
20117899,839881803,29.81,43469.01403,38,244.3,
20118082,839880221,30.18,43469.01405,38,244.3,
20118850,839877992,29.81,43469.01407,38,244.3,
20119527,839876448,31.48,43469.0141,38,244.3,
20119527,839876448,31.48,43469.01412,38,244.3,
20120451,839874949,32.41,43469.01414,387,244.3,
20121959,839872750,31.85,43469.01417,387,244.3,
20123712,839870796,30.92,43469.01419,387,244.3,
20124960,839869650,31.11,43469.01421,387,244.3,
20124960,839869650,31.11,43469.01424,387,244.3,
20126957,839867878,32.22,43469.01426,387,244.3,
20128372,839866618,33.89,43469.01428,387,244.3,
20129787,839865283,34.44,43469.01431,387,244.3,
20129787,839865283,34.44,43469.01433,387,244.3,
20133951,839861374,34.63,43469.01435,387,244.3,
20133951,839861374,34.63,43469.01437,387,244.3,
20135950,839859412,33.52,43469.0144,387,244.3,
20137283,839858119,32.59,43469.01442,235,244.3,
20138615,839856858,32.03,43469.01444,235,244.3,
20138615,839856858,32.03,43469.01447,235,244.3,
20139783,839855573,30.92,43469.01449,235,244.3,
20140786,839854318,26.48,43469.01451,235,244.3,
20141474,839851876,22.77,43469.01454,235,244.3,
20141406,839850693,19.44,43469.01456,235,244.3,
20141337,839849625,19.63,43469.01458,235,244.3,
20141337,839849625,19.63,43469.01461,235,244.3,
20141185,839848504,22.03,43469.01463,235,244.3,
20140962,839846569,22.59,43469.01465,235,244.3,
20140812,839845353,21.66,43469.01468,582,244.3,
20140812,839845353,21.66,43469.0147,582,244.3,
20140662,839844157,22.77,43469.01472,582,244.3,
20140430,839842898,22.59,43469.01475,582,244.3,
20140041,839841014,22.03,43469.01477,582,244.3,
20139743,839838476,22.4,43469.01479,582,244.3,
20139586,839837808,22.59,43469.01481,582,244.3,
20139280,839835883,22.4,43469.01484,582,244.3,
20138966,839834665,22.59,43469.01486,582,244.3,
20138966,839834665,22.59,43469.01488,582,244.3,
20138651,839833478,22.77,43469.01491,582,244.3,
20138254,839832259,22.77,43469.01493,582,244.3,
20137617,839830445,22.77,43469.01495,582,244.3,
20137055,839829309,22.59,43469.01498,582,244.3,
20137055,839829309,22.59,43469.015,582,244.3,
20135846,839827150,22.03,43469.01502,582,244.3,
20135606,839826620,22.4,43469.01505,582,244.3,
20134390,839825031,22.77,43469.01507,582,244.3,
20133496,839824081,23.52,43469.01509,582,244.3,
20132437,839823160,22.4,43469.01512,582,244.3,
20131053,839821865,21.66,43469.01514,582,244.3,
20130158,839820999,22.4,43469.01516,2004,244.3,
20129670,839820550,22.22,43469.01519,2004,244.3,
20128204,839819233,22.77,43469.01521,2004,244.3,
20127143,839818470,22.59,43469.01523,2004,244.3,
20125510,839817426,22.59,43469.01525,2004,244.3,
20124937,839817166,22.77,43469.01528,2004,244.3,
20124937,839817166,22.77,43469.0153,2004,244.3,
20123708,839816676,22.96,43469.01532,2004,244.3,
20121904,839816073,22.59,43469.01535,2004,244.3,
20120590,839815804,22.4,43469.01537,2004,244.3,
20119933,839815701,22.77,43469.01539,2004,244.3,
20117961,839815392,22.59,43469.01542,2004,244.3,
20117961,839815392,22.59,43469.01544,2004,244.3,
20116645,839815313,22.59,43469.01546,2004,244.3,
20114095,839815176,22.03,43469.01549,2004,244.3,
20112778,839815171,22.96,43469.01551,2004,244.3,
20110884,839815222,23.15,43469.01553,2004,244.3,
20109566,839815343,22.77,43469.01556,2004,244.3,
20108330,839815381,22.03,43469.01558,2004,244.3,
20107178,839815378,22.4,43469.0156,2004,244.3,
20107178,839815378,22.4,43469.01562,2004,244.3,
20105943,839815363,23.15,43469.01565,2004,244.3,
20104626,839815347,22.59,43469.01567,2003,244.3,
20101336,839815138,22.77,43469.01569,2003,244.3,
20101336,839815138,22.77,43469.01572,2003,244.3,
20100104,839814933,22.77,43469.01574,2003,244.3,
20098792,839814558,22.77,43469.01576,2003,244.3,
20098135,839814381,22.59,43469.01579,2003,244.3,
20096334,839813557,23.15,43469.01581,2003,244.3,
20095273,839812847,21.85,43469.01583,2003,244.3,
20094377,839812034,21.48,43469.01586,2003,244.3,
20093647,839811106,22.4,43469.01588,2003,244.3,
20093647,839811106,22.4,43469.0159,2003,244.3,
20092199,839808375,22.77,43469.01593,2003,244.3,
20091883,839807241,22.22,43469.01595,2003,244.3,
20091486,839806095,22.22,43469.01597,2003,244.3,
null,null,#¡VALOR!,43469.016,null,#¡VALOR!,
20091096,839804264,22.03,43469.01602,2003,244.3,
20090781,839803130,22.4,43469.01604,2003,244.3,
20090540,839802578,22.59,43469.01606,2003,244.3,
20090225,839801465,22.22,43469.01609,2003,244.3,
20089752,839799749,22.22,43469.01611,2003,244.3,
20089355,839798540,22.22,43469.01613,2003,244.3,
20089355,839798540,22.22,43469.01616,2003,244.3,
20088726,839796041,23.15,43469.01618,25,244.3,
20088248,839794799,22.03,43469.0162,25,244.3,
20088016,839793540,22.22,43469.01623,25,244.3,
20087866,839792324,22.22,43469.01625,25,244.3,
20087634,839791117,22.59,43469.01627,25,244.3,
20087244,839789306,22.22,43469.0163,25,244.3,
20087244,839789306,22.22,43469.01632,25,244.3,
20087012,839788110,22.22,43469.01634,25,244.3,
20086697,839786882,22.22,43469.01637,25,244.3,
20086300,839785715,22.59,43469.01639,25,244.3,
20085903,839784528,22.22,43469.01641,25,244.3,
20085505,839783361,22.22,43469.01644,25,244.3,
20085116,839781498,22.03,43469.01646,86,244.3,
20084802,839780280,22.03,43469.01648,86,244.3,
20084652,839779063,22.59,43469.0165,86,244.3,
20084419,839777899,22.4,43469.01653,86,244.3,
20084268,839776757,22.59,43469.01655,86,244.3,
20084268,839776757,22.59,43469.01657,86,244.3,
20084035,839775613,22.22,43469.0166,86,244.3,
20083803,839774396,22.4,43469.01662,86,244.3,
20083654,839773127,22.77,43469.01664,86,244.3,
20083346,839771349,22.4,43469.01667,86,244.3,
20083113,839770153,22.4,43469.01669,86,244.3,
20082403,839767621,22.96,43469.01671,86,244.3,
20082089,839766350,22.4,43469.01674,86,244.3,
20081692,839765183,22.59,43469.01676,86,244.3,
20081692,839765183,22.59,43469.01678,86,244.3,
20080327,839762337,22.96,43469.01681,86,244.3,
20080327,839762337,22.96,43469.01683,86,244.3,
20079433,839761365,23.33,43469.01685,86,244.3,
20078373,839760592,23.7,43469.01687,86,244.3,
20077800,839760268,23.15,43469.0169,86,244.3,
20076164,839759467,22.22,43469.01692,86,244.3,
20075017,839758978,21.85,43469.01694,86,244.3,
20073789,839758466,22.22,43469.01697,86,244.3,
20071987,839757748,22.77,43469.01699,86,244.3,
20071987,839757748,22.77,43469.01701,86,244.3,
20070675,839757288,22.4,43469.01704,86,244.3,
20068872,839756675,22.4,43469.01706,86,244.3,
20066902,839756176,22.59,43469.01708,23,244.3,
20066902,839756176,22.59,43469.01711,23,244.3,
20065671,839755855,22.96,43469.01713,23,244.3,
20064440,839755607,22.4,43469.01715,23,244.3,
20063208,839755329,22.4,43469.01718,23,244.3,
20061402,839754969,22.59,43469.0172,23,244.3,
20060170,839754732,22.77,43469.01722,23,244.3,
20058856,839754473,22.59,43469.01725,23,244.3,
20058199,839754328,22.77,43469.01727,23,244.3,
20056311,839753935,22.4,43469.01729,23,244.3,
20056311,839753935,22.4,43469.01731,23,244.3,
20052532,839753288,22.59,43469.01734,23,244.3,
20052532,839753288,22.59,43469.01736,23,244.3,
20052532,839753288,22.59,43469.01738,23,244.3,
20050642,839753011,22.59,43469.01741,23,244.3,
20049410,839752827,22.4,43469.01743,22,244.3,
20048096,839752547,22.03,43469.01745,22,244.3,
20046947,839752301,22.4,43469.01748,22,244.3,
20044485,839751712,22.22,43469.0175,22,244.3,
20044485,839751712,22.22,43469.01752,22,244.3,
20042024,839750995,22.59,43469.01755,22,244.3,
20042024,839750995,22.59,43469.01757,22,244.3,
20040222,839750203,22.77,43469.01759,22,244.3,
20039242,839749578,22.59,43469.01762,22,244.3,
20038180,839748900,22.96,43469.01764,22,244.3,
20037283,839748203,22.4,43469.01766,22,244.3,
20036146,839746996,21.85,43469.01769,22,244.3,
20036146,839746996,21.85,43469.01771,22,244.3,
20035011,839745567,22.59,43469.01773,21,244.3,
20034281,839744650,23.15,43469.01775,21,244.3,
20033064,839743188,22.22,43469.01778,21,244.3,
20032169,839742333,22.59,43469.0178,21,244.3,
20031273,839741509,23.15,43469.01782,21,244.3,
20031273,839741509,23.15,43469.01785,21,244.3,
20029889,839740309,22.59,43469.01787,21,244.3,
20028826,839739673,22.22,43469.01789,21,244.3,
20027189,839738946,23.15,43469.01792,21,244.3,
20027189,839738946,23.15,43469.01794,21,244.3,
20025136,839738530,27.03,43469.01796,21,244.3,
20023655,839738512,30.55,43469.01799,3022,244.3,
20021760,839738626,34.44,43469.01801,3022,244.3,
20019618,839738790,39.07,43469.01803,3022,244.3,
20019618,839738790,39.07,43469.01806,3022,244.3,
20015003,839739210,45.18,43469.01808,3022,244.3,
20012366,839739484,48.7,43469.0181,3022,244.3,
20009647,839739694,51.3,43469.01812,3022,244.3,
20009647,839739694,51.3,43469.01815,3022,244.3,
20002232,839740269,53.52,43469.01817,3022,244.3,
19997700,839740604,54.07,43469.01819,3022,244.3,
19997700,839740604,54.07,43469.01822,3022,244.3,
19993006,839740769,55,43469.01824,3022,244.3,
19989877,839740879,54.81,43469.01826,3022,244.3,
19985267,839740950,53.52,43469.01829,3022,244.3,
19985267,839740950,53.52,43469.01831,3022,244.3,
19982302,839741030,52.41,43469.01833,3022,244.3,
19979421,839741047,51.48,43469.01836,3022,244.3,
19973906,839741012,49.26,43469.01838,2968,244.3,
19973906,839741012,49.26,43469.0184,2968,244.3,
19971109,839740946,48.7,43469.01843,2968,244.3,
19968393,839740882,47.78,43469.01845,2968,244.3,
19964525,839740845,45.55,43469.01847,2968,244.3,
19962056,839740783,44.81,43469.0185,2968,244.3,
19960823,839740673,44.44,43469.01852,2968,244.3,
19960823,839740673,44.44,43469.01854,2968,244.3,
19958438,839740433,43.33,43469.01856,2968,244.3,
19954901,839740232,41.85,43469.01859,2968,244.3,
19952515,839740192,40.92,43469.01861,2968,244.3,
19950212,839740048,40.18,43469.01863,2968,244.3,
19947991,839739852,39.26,43469.01866,2968,244.3,
19944784,839739591,35.55,43469.01868,2968,244.3,
19942893,839739441,33.7,43469.0187,2968,244.3,
19941002,839739228,32.78,43469.01873,2967,244.3,
19939193,839739058,32.03,43469.01875,2967,244.3,
19937631,839738934,28.15,43469.01877,2967,244.3,
19936151,839738778,28.15,43469.0188,2967,244.3,
19933768,839738443,30,43469.01882,2967,244.3,
19932042,839738200,31.29,43469.01884,2967,244.3,
19930400,839737906,30,43469.01887,2967,244.3,
19930400,839737906,30,43469.01889,2967,244.3,
19929579,839737727,29.44,43469.01891,2967,244.3,
19927938,839737295,29.63,43469.01894,2967,244.3,
19923834,839736326,30.74,43469.01896,2967,244.3,
19922192,839735947,30,43469.01898,12,244.3,
19920634,839735432,30.55,43469.019,12,244.3,
19920634,839735432,30.55,43469.01903,12,244.3,
19918914,839734777,32.96,43469.01905,12,244.3,
19916462,839733332,35.18,43469.01907,12,244.3,
19915810,839732765,34.63,43469.0191,12,244.3,
19914510,839731376,35.18,43469.01912,12,244.3,
19913222,839729005,34.63,43469.01914,12,244.3,
19913222,839729005,34.63,43469.01917,12,244.3,
19912667,839727256,33.15,43469.01919,12,244.3,
19912358,839725594,32.03,43469.01921,12,244.3,
19912049,839723943,30.92,43469.01924,12,244.3,
19911346,839720862,31.11,43469.01926,4030,244.3,
19911346,839720862,31.11,43469.01928,4030,244.3,
19910405,839717006,29.07,43469.01931,4030,244.3,
19909929,839715533,28.7,43469.01933,4030,244.3,
19909929,839715533,28.7,43469.01935,4030,244.3,
19909372,839713974,28.89,43469.01937,4030,244.3,
19908733,839712413,29.44,43469.0194,4030,244.3,
19907773,839710110,27.4,43469.01942,4030,244.3,
19907214,839708699,24.07,43469.01944,4030,244.3,
19906735,839707500,21.66,43469.01947,4030,244.3,
19906337,839706386,17.77,43469.01949,4030,244.3,
19906019,839705442,15.74,43469.01951,4031,244.3,
19905699,839704689,11.66,43469.01954,4031,244.3,
19905460,839704010,12.77,43469.01956,4031,244.3,
19905144,839702961,14.26,43469.01958,4031,244.3,
19905144,839702961,14.26,43469.01961,4031,244.3,
19904823,839702270,13.33,43469.01963,4031,244.3,
19904504,839701411,2.96,43469.01965,4031,244.3,
19904425,839701178,6.29,43469.01968,4031,244.3,
19904425,839701178,6.29,43469.0197,4031,244.3,
19904345,839700987,7.4,43469.01972,4031,244.3,
19904186,839700509,10,43469.01975,4031,244.3,
19903864,839699904,12.4,43469.01977,4031,244.3,
19903544,839699171,14.81,43469.01979,4031,244.3,
19902664,839697017,18.7,43469.01981,4031,244.3,
19902266,839695977,20,43469.01984,4031,244.3,
19902266,839695977,20,43469.01986,4031,244.3,
19901625,839694480,21.29,43469.01988,4031,244.3,
19901302,839694011,21.66,43469.01991,4031,244.3,
19900489,839693188,21.66,43469.01993,4032,244.3,
19899509,839692511,22.96,43469.01995,4032,244.3,
19897544,839691685,26.66,43469.01998,4032,244.3,
19897544,839691685,26.66,43469.02,4032,244.3,
19895985,839691275,28.7,43469.02002,4032,244.3,
19894341,839691033,28.7,43469.02005,4032,244.3,
19892695,839691045,30,43469.02007,4032,244.3,
19888989,839691200,32.96,43469.02009,4032,244.3,
19888989,839691200,32.96,43469.02012,4032,244.3,
19884218,839690962,32.41,43469.02014,4032,244.3,
19884218,839690962,32.41,43469.02016,4032,244.3,
19883398,839690657,32.41,43469.02019,4033,244.3,
19881846,839689698,31.48,43469.02021,4033,244.3,
19880305,839687852,29.44,43469.02023,4033,244.3,
19879663,839686492,27.78,43469.02025,4033,244.3,
19879432,839685180,23.89,43469.02028,4033,244.3,
19879528,839684041,20.55,43469.0203,4033,244.3,
19879528,839684041,20.55,43469.02032,4033,244.3,
19879789,839682861,13.7,43469.02035,4033,244.3,
19879877,839682419,8.7,43469.02037,4033,244.3,
19879962,839682198,5.92,43469.02039,4033,244.3,
19880216,839681610,7.59,43469.02042,4033,244.3,
19880221,839681188,8.14,43469.02044,1047,244.3,
19880308,839680819,8.33,43469.02046,1047,244.3,
19880308,839680819,8.33,43469.02049,1047,244.3,
19880312,839680492,8.33,43469.02051,1047,244.3,
19880402,839679859,8.51,43469.02053,1047,244.3,
19880490,839679406,8.33,43469.02056,1047,244.3,
19880493,839679184,8.51,43469.02058,1047,244.3,
19880583,839678520,8.14,43469.0206,1047,244.3,
19880671,839678057,7.96,43469.02062,1047,244.3,
19880759,839677635,7.77,43469.02065,1047,244.3,
19880848,839677034,7.96,43469.02067,1047,244.3,
19880936,839676592,7.59,43469.02069,1047,244.3,
19880936,839676592,7.59,43469.02072,1047,244.3,
19881021,839676371,7.77,43469.02074,1047,244.3,
19881194,839675676,7.59,43469.02076,1047,244.3,
19881201,839675148,7.59,43469.02079,1047,244.3,
19881207,839674610,7.77,43469.02081,1047,244.3,
19881216,839673892,7.59,43469.02083,1047,244.3,
19881218,839673712,7.77,43469.02086,1047,244.3,
19881305,839673302,7.77,43469.02088,1047,244.3,
19881474,839672945,7.4,43469.0209,1047,244.3,
19881727,839672451,7.59,43469.02093,1047,244.3,
19881896,839672126,7.59,43469.02095,1048,244.3,
19882063,839671959,7.4,43469.02097,1048,244.3,
19882480,839671468,7.59,43469.021,1048,244.3,
19882731,839671133,7.59,43469.02102,1048,244.3,
19882982,839670809,7.77,43469.02104,1048,244.3,
19883399,839670339,7.59,43469.02106,1048,244.3,
19883399,839670339,7.59,43469.02109,1048,244.3,
19883733,839670026,7.59,43469.02111,1048,244.3,
19884064,839669829,7.4,43469.02113,1048,244.3,
19884230,839669757,7.4,43469.02116,1048,244.3,
19884810,839669384,7.59,43469.02118,1048,244.3,
19885144,839669061,7.77,43469.0212,1048,244.3,
19885476,839668833,7.96,43469.02123,1048,244.3,
19886056,839668491,8.14,43469.02125,1048,244.3,
19886470,839668254,8.33,43469.02127,1048,244.3,
19886803,839667973,8.51,43469.0213,1048,244.3,
19886970,839667806,8.7,43469.02132,1048,244.3,
19887553,839667232,8.51,43469.02134,1048,244.3,
19887887,839666845,8.51,43469.02137,1048,244.3,
19888222,839666406,8.33,43469.02139,1048,244.3,
19888637,839666105,8.51,43469.02141,1048,244.3,
19889137,839665625,8.33,43469.02144,1048,244.3,
19889470,839665291,8.7,43469.02146,1048,244.3,
19889470,839665291,8.7,43469.02148,1048,244.3,
19889721,839664967,8.51,43469.0215,1048,244.3,
19889887,839664800,8.88,43469.02153,1048,244.3,
19890307,839664161,8.51,43469.02155,1048,244.3,
19890307,839664161,8.51,43469.02157,1048,244.3,
19890564,839663319,8.51,43469.0216,1048,244.3,
19890821,839662530,9.07,43469.02162,1048,244.3,
19890910,839661961,11.29,43469.02164,1048,244.3,
19890910,839661961,11.29,43469.02167,1048,244.3,
19890840,839660925,12.77,43469.02169,1048,244.3,
19890689,839659815,15.37,43469.02171,1048,244.3,
19890454,839658851,17.59,43469.02174,1048,244.3,
19890454,839658851,17.59,43469.02176,1048,244.3,
19890054,839657874,20,43469.02178,1048,244.3,
19889499,839656178,21.85,43469.02181,1048,244.3,
19889259,839655594,22.4,43469.02183,1048,244.3,
19888698,839654320,22.96,43469.02185,3978,244.3,
19887732,839652545,22.96,43469.02187,3978,244.3,
19887006,839651353,24.26,43469.0219,3978,244.3,
19885472,839648885,25.55,43469.02192,3978,244.3,
19884259,839647117,24.63,43469.02194,3978,244.3,
19884259,839647117,24.63,43469.02197,3978,244.3,
19883772,839646551,24.81,43469.02199,3978,244.3,
19881749,839643738,24.26,43469.02201,3978,244.3,
19880771,839642882,21.48,43469.02204,3978,244.3,
19879957,839642206,17.96,43469.02206,3978,244.3,
19879957,839642206,17.96,43469.02208,3978,244.3,
19878566,839641450,19.63,43469.02211,3978,244.3,
19878566,839641450,19.63,43469.02213,3978,244.3,
19877500,839641142,20,43469.02215,3978,244.3,
19875774,839640930,19.81,43469.02218,3978,244.3,
19874705,839640886,18.52,43469.0222,3978,244.3,
19873717,839640853,16.85,43469.02222,3978,244.3,
19872483,839640827,11.48,43469.02225,3978,244.3,
19871825,839640766,11.66,43469.02227,3978,244.3,
19871825,839640766,11.66,43469.02229,3978,244.3,
19870180,839640725,12.22,43469.02231,3978,244.3,
19869522,839640653,12.96,43469.02234,3978,244.3,
19869522,839640653,12.96,43469.02236,3978,244.3,
19869110,839640712,12.96,43469.02238,3978,244.3,
19868368,839640755,13.33,43469.02241,3978,244.3,
19867297,839640869,12.77,43469.02243,3978,244.3,
19866556,839640871,12.96,43469.02245,3978,244.3,
19865403,839640909,12.4,43469.02248,3978,244.3,
19865074,839640916,12.4,43469.0225,3978,244.3,
19865074,839640916,12.4,43469.02252,3978,244.3,
19862602,839641129,12.4,43469.02255,3978,244.3,
19863344,839641043,12.59,43469.02257,3978,244.3,
19861942,839641205,12.4,43469.02259,3978,244.3,
19861613,839641243,11.66,43469.02262,3978,244.3,
19860541,839641378,12.03,43469.02264,3978,244.3,
19859718,839641400,12.03,43469.02266,3978,244.3,
19859718,839641400,12.03,43469.02269,4830,244.3,
19859058,839641476,11.66,43469.02271,4830,244.3,
19858070,839641548,11.48,43469.02273,4830,244.3,
19857740,839641544,11.48,43469.02275,4830,244.3,
19857164,839641527,11.66,43469.02278,4830,244.3,
19856260,839641442,11.11,43469.0228,4830,244.3,
19856260,839641442,11.11,43469.02282,4830,244.3,
19855192,839641313,10,43469.02285,4830,244.3,
19854287,839641228,11.29,43469.02287,4830,244.3,
19854287,839641228,11.29,43469.02289,4830,244.3,
19853957,839641266,11.48,43469.02292,4830,244.3,
19853381,839641259,11.48,43469.02294,4830,244.3,
19851652,839641354,11.29,43469.02296,4830,244.3,
19850992,839641462,11.66,43469.02299,4830,244.3,
19850415,839641476,11.66,43469.02301,4830,244.3,
19850415,839641476,11.66,43469.02303,4830,244.3,
19849840,839641448,11.29,43469.02306,4830,244.3,
19849263,839641462,11.11,43469.02308,4830,244.3,
19848358,839641483,11.29,43469.0231,4830,244.3,
19847781,839641528,11.11,43469.02312,4830,244.3,
19847451,839641545,11.29,43469.02315,4830,244.3,
19846546,839641566,11.29,43469.02317,4830,244.3,
19845887,839641611,11.11,43469.02319,4830,244.3,
19845228,839641613,11.48,43469.02322,4830,244.3,
19844323,839641623,11.66,43469.02324,4830,244.3,
19843911,839641618,11.66,43469.02326,4830,244.3,
19843253,839641610,12.03,43469.02329,4830,244.3,
19843253,839641610,12.03,43469.02331,4830,244.3,
19842183,839641597,12.03,43469.02333,4830,244.3,
19841195,839641617,11.85,43469.02336,4830,244.3,
19840124,839641646,12.03,43469.02338,4830,244.3,
19839383,839641711,11.85,43469.0234,4830,244.3,
19838394,839641794,11.66,43469.02343,4830,244.3,
19838394,839641794,11.66,43469.02345,4830,244.3,
19838065,839641800,11.66,43469.02347,4830,244.3,
19837406,839641813,10.92,43469.0235,4830,244.3,
19836418,839641833,11.29,43469.02352,4830,244.3,
19836089,839641850,11.66,43469.02354,4830,244.3,
19834936,839641878,11.85,43469.02356,4830,244.3,
19834195,839641911,11.85,43469.02359,4830,244.3,
19833289,839641932,7.77,43469.02361,4830,244.3,
19833042,839641929,7.77,43469.02363,4830,244.3,
19833042,839641929,7.77,43469.02366,4830,244.3,
19832548,839641944,7.96,43469.02368,4830,244.3,
19831807,839641945,8.14,43469.0237,4830,244.3,
19831312,839642013,7.96,43469.02373,4830,244.3,
19830818,839642092,7.77,43469.02375,4830,244.3,
19829831,839641964,8.88,43469.02377,4830,244.3,
19829831,839641964,8.88,43469.0238,4830,244.3,
19829019,839641130,13.33,43469.02382,4830,244.3,
19829199,839639854,16.66,43469.02384,4830,244.3,
19829199,839639854,16.66,43469.02387,4830,244.3,
19829865,839639197,16.29,43469.02389,4830,244.3,
19830279,839638991,16.48,43469.02391,4830,244.3,
19831762,839638893,17.22,43469.02394,4830,244.3,
19832750,839638884,18.89,43469.02396,4830,244.3,
19832750,839638884,18.89,43469.02398,4830,244.3,
19834563,839638716,21.11,43469.024,4830,244.3,
19836376,839638516,22.22,43469.02403,4830,244.3,
19838354,839638340,24.44,43469.02405,4830,244.3,
19839673,839638208,23.33,43469.02407,4830,244.3,
19839673,839638208,23.33,43469.0241,4830,244.3,
19842145,839637922,22.96,43469.02412,4830,244.3,
19842145,839637922,22.96,43469.02414,4830,244.3,
19843464,839637758,24.44,43469.02417,4830,244.3,
19844785,839637479,24.26,43469.02419,4830,244.3,
19846847,839637092,23.89,43469.02421,4830,244.3,
19847507,839636973,23.7,43469.02424,4830,244.3,
19848744,839636767,23.15,43469.02426,4830,244.3,
19850641,839636473,21.85,43469.02428,4830,244.3,
19851796,839636266,20.37,43469.02431,4830,244.3,
19852869,839636046,17.96,43469.02433,4830,244.3,
19853859,839635837,17.22,43469.02435,4830,244.3,
19854849,839635638,16.29,43469.02437,4830,244.3,
19854849,839635638,16.29,43469.0244,4830,244.3,
19856252,839635348,15.74,43469.02442,4830,244.3,
19857407,839635109,12.77,43469.02444,4830,244.3,
19858314,839634983,10.55,43469.02447,4830,244.3,
19858812,839634662,10.74,43469.02449,4830,244.3,
19859068,839633968,6.11,43469.02451,4830,244.3,
19859070,839633809,5.74,43469.02454,4830,244.3,
19859070,839633809,5.74,43469.02456,4830,244.3,
19858990,839633608,6.29,43469.02458,4830,244.3,
19858748,839633182,6.85,43469.02461,4830,244.3,
19858422,839632936,5.74,43469.02463,4830,244.3,
19858341,839632850,4.63,43469.02465,4830,244.3,
19858343,839632681,0.37,43469.02468,4830,244.3,
19858343,839632681,0.37,43469.0247,4830,244.3,
19858343,839632681,0.37,43469.02472,4830,244.3,
19858342,839632766,3.88,43469.02475,4830,244.3,
19858256,839633050,5.74,43469.02477,4830,244.3,
19858166,839633619,6.85,43469.02479,4830,244.3,
19858164,839633788,6.29,43469.02481,4830,244.3,
19858244,839634021,4.25,43469.02484,4830,244.3,
19858410,839633907,5.37,43469.02486,4830,244.3,
19858410,839633907,5.37,43469.02488,4830,244.3,
19858740,839633848,4.44,43469.02491,4830,244.3,
19859152,839633832,3.7,43469.02493,4830,244.3,
19859234,839633811,0.74,43469.02495,4830,244.3,
19859234,839633811,0.74,43469.02498,4830,244.3,
19859235,839633759,1.48,43469.025,4830,244.3,
19859235,839633727,2.4,43469.02502,4830,244.3,
19859400,839633750,2.4,43469.02505,4830,244.3,
19859400,839633750,2.4,43469.02507,4830,244.3,
19859481,839633783,1.66,43469.02509,4830,244.3,
19859481,839633783,1.66,43469.02512,4830,244.3,
19859481,839633783,1.66,43469.02514,4830,244.3,
19859482,839633762,0.37,43469.02516,4830,244.3,
19859482,839633751,0.37,43469.02519,4830,244.3,
19859483,839633688,0.18,43469.02521,4830,244.3,
19859483,839633646,0.18,43469.02523,4830,244.3,
19859483,839633646,0.37,43469.02525,4830,244.3,
19859483,839633646,0,43469.02528,4830,244.3,
19859483,839633646,0,43469.0253,4830,244.3,
19859565,839633647,0.18,43469.02532,4830,244.3,
19859565,839633668,0.37,43469.02535,4830,244.3,
19859565,839633689,0,43469.02537,-1,244.3,
19859564,839633731,0,43469.02539,-1,244.3,
19859647,839633732,0.18,43469.02542,-1,244.3,
19859647,839633732,0.18,43469.02544,-1,244.3,
19859647,839633700,0.37,43469.02546,-1,244.3,
19859647,839633732,0,43469.02549,-1,244.3,
19859646,839633753,0,43469.02551,-1,244.3,
19859646,839633753,0,43469.02553,-1,244.3,
19859729,839633765,1.66,43469.02556,-1,244.3,
19859728,839633786,2.77,43469.02558,-1,244.3,
19859728,839633786,2.77,43469.0256,-1,244.3,
19859481,839633814,3.7,43469.02562,-1,244.3,
19859316,839633834,2.59,43469.02565,-1,244.3,
19859316,839633855,1.29,43469.02567,-1,244.3,
19859315,839633939,1.48,43469.02569,-1,244.3,
19859232,839633980,2.4,43469.02572,-1,244.3,
19859232,839633980,2.4,43469.02574,-1,244.3,
19859232,839634001,2.77,43469.02576,-1,244.3,
19859150,839634000,3.7,43469.02579,-1,0,
19858573,839633993,7.22,43469.02581,-1,0,
19858079,839634072,7.96,43469.02583,-1,0,
19857255,839634136,7.96,43469.02586,-1,0,
19857090,839634176,7.4,43469.02588,-1,0,
19856595,839634212,8.33,43469.0259,-1,0,
19855772,839634255,10.55,43469.02593,-1,0,
19855772,839634255,10.55,43469.02595,4830,0,
19854289,839634321,12.77,43469.02597,4830,0,
19854289,839634321,12.77,43469.026,4830,0,
19853465,839634396,16.48,43469.02602,4830,0,
19851983,839634409,19.07,43469.02604,4830,0,
19851407,839634423,20,43469.02606,4830,0,
19850254,839634494,21.48,43469.02609,4830,0,
19848359,839634661,21.48,43469.02611,4830,0,
19845724,839634745,25.92,43469.02613,4830,0,
19844406,839634813,25,43469.02616,4830,0,
19844406,839634813,25,43469.02618,4830,0,
19842347,839634904,24.63,43469.0262,4830,0,
19841688,839634970,23.7,43469.02623,4830,0,
19841688,839634970,23.7,43469.02625,4830,0,
19840368,839635154,23.52,43469.02627,4830,0,
19838471,839635458,24.63,43469.0263,4830,0,
19837151,839635780,25.37,43469.02632,4830,0,
19836490,839635909,25.55,43469.02634,4830,0,
19834427,839636412,25.18,43469.02637,4830,0,
19833106,839636723,24.81,43469.02639,4830,0,
19831290,839637145,22.03,43469.02641,4830,0,
19830712,839637286,21.85,43469.02644,4830,0,
19828308,839638682,20,43469.02646,4830,0,
19828308,839638682,20,43469.02648,4830,0,
19827974,839639068,18.7,43469.0265,4830,0,
19826960,839641221,17.4,43469.02653,4830,0,
19826960,839641221,17.4,43469.02655,4830,0,
19827030,839642183,17.4,43469.02657,4830,0,
19827513,839643044,15.37,43469.0266,4830,0,
19827513,839643044,15.37,43469.02662,4830,0,
19829808,839643917,19.26,43469.02664,4830,0,
19830466,839643893,21.66,43469.02667,4830,0,
19832361,839643769,21.48,43469.02669,4830,0,
19833515,839643677,22.22,43469.02671,4830,0,
19833515,839643677,22.22,43469.02674,4830,0,
19835656,839643545,27.96,43469.02676,4830,0,
19836480,839643492,29.07,43469.02678,4830,0,
19837963,839643394,23.15,43469.02681,4830,0,
19839691,839643415,20.92,43469.02683,4830,0,
19840267,839643422,21.29,43469.02685,4830,0,
19841995,839643496,20.37,43469.02687,4830,0,
19843147,839643510,18.52,43469.0269,4830,0,
19844629,839643528,15.74,43469.02692,4830,0,
19845040,839643512,14.07,43469.02694,4830,0,
19845617,839643445,8.14,43469.02697,4830,0,
19846111,839643451,6.29,43469.02699,4830,0,
19846111,839643451,6.29,43469.02701,4830,0,
19846440,839643497,4.25,43469.02704,4830,0,
19846522,839643498,2.77,43469.02706,4830,0,
19846440,839643497,1.48,43469.02708,4830,0,
19846440,839643497,1.29,43469.02711,4830,0,
19846440,839643508,0,43469.02713,4830,0,
19846522,839643530,2.03,43469.02715,4830,0,
19846604,839643510,4.07,43469.02718,4830,0,
19847016,839643483,5.18,43469.0272,4830,0,
19847346,839643455,5.18,43469.02722,4830,0,
19847511,839643436,5.18,43469.02725,4830,0,
19848005,839643358,5.37,43469.02727,4830,0,
19848335,839643330,5.37,43469.02729,4830,0,
19848912,839643263,7.96,43469.02731,4830,0,
19849159,839643266,9.26,43469.02734,4830,0,
19849735,839643295,14.44,43469.02736,4830,0,
19851464,839643231,22.77,43469.02738,4830,0,
19852865,839643079,29.07,43469.02741,4830,0,
19854596,839642879,31.48,43469.02743,4830,0,
19856327,839642731,32.59,43469.02745,4830,0,
19856327,839642731,32.59,43469.02748,4830,0,
19858140,839642542,31.48,43469.0275,4830,0,
19859870,839642405,30.92,43469.02752,4830,0,
19862341,839642234,29.63,43469.02755,3978,0,
19863989,839642117,30.55,43469.02757,3978,0,
19865637,839642021,30.55,43469.02759,3978,0,
19865637,839642021,30.55,43469.02762,3978,0,
19869014,839641841,30,43469.02764,3978,0,
19869014,839641841,30,43469.02766,3978,0,
19870659,839641892,29.63,43469.02769,3978,0,
19873952,839641901,30,43469.02771,3978,0,
19876420,839641994,29.44,43469.02773,3978,0,
19877978,839642425,27.59,43469.02775,3978,0,
19880343,839644260,27.96,43469.02778,3978,0,
19880343,839644260,27.96,43469.0278,3978,0,
19881398,839645487,28.89,43469.02782,3978,0,
19881398,839645487,28.89,43469.02785,3978,0,
19882370,839646798,29.07,43469.02787,3978,0,
19883911,839648675,29.63,43469.02789,3978,0,
19884397,839649347,29.81,43469.02792,3978,0,
19885285,839650709,29.07,43469.02794,3978,0,
19885285,839650709,29.07,43469.02796,3978,0,
19887218,839654249,27.59,43469.02799,3978,0,
19887775,839655756,27.96,43469.02801,1048,0,
19888086,839657270,27.78,43469.02803,1048,0,
19888086,839657270,27.78,43469.02806,1048,0,
19888297,839660240,27.78,43469.02808,1048,0,
19887366,839662319,28.89,43469.0281,1048,0,
19886117,839663487,31.66,43469.02812,1048,0,
19885452,839664049,32.41,43469.02815,1048,0,
19883456,839665725,31.11,43469.02817,1048,0,
19882288,839666967,30.74,43469.02819,1048,0,
19882288,839666967,30.74,43469.02822,1048,0,
19881284,839668349,31.29,43469.02824,1048,0,
19880021,839670657,31.66,43469.02826,1048,0,
19879681,839671476,31.66,43469.02829,1048,0,
19879167,839673138,31.48,43469.02831,1047,0,
19878642,839675687,31.29,43469.02833,1047,0,
19878457,839677385,31.29,43469.02836,1047,0,
19878354,839679116,31.11,43469.02838,1047,0,
19878322,839681735,30.92,43469.0284,1047,0,
19878322,839681735,30.92,43469.02843,1047,0,
19878311,839682590,30.74,43469.02845,1047,0,
19878599,839685951,29.44,43469.02847,1047,0,
19879312,839688231,28.89,43469.0285,1047,0,
19879312,839688231,28.89,43469.02852,1047,0,
19880686,839690370,29.81,43469.02854,1047,0,
19880686,839690370,29.81,43469.02856,1047,0,
19882722,839692148,33.15,43469.02859,1047,0,
19884524,839692867,33.89,43469.02861,4033,0,
19884524,839692867,33.89,43469.02863,4033,0,
19889132,839693018,31.66,43469.02866,4033,0,
19890779,839692943,30.18,43469.02868,4033,0,
19892508,839692901,29.44,43469.0287,4033,0,
19892508,839692901,29.44,43469.02873,4033,0,
19893248,839692910,28.52,43469.02875,4033,0,
19895469,839693106,24.44,43469.02877,4033,0,
19896699,839693480,21.66,43469.0288,4033,0,
19897600,839693840,12.59,43469.02882,4033,0,
19898173,839694047,7.03,43469.02884,4033,0,
19898502,839694125,2.77,43469.02887,4032,0,
19898666,839694190,5.74,43469.02889,4032,0,
19898666,839694190,5.74,43469.02891,4032,0,
19898829,839694256,5.92,43469.02894,4032,0,
19899484,839694612,9.81,43469.02896,4032,0,
19900540,839695713,15.37,43469.02898,4032,0,
19900540,839695713,15.37,43469.029,4032,0,
19901825,839698390,26.66,43469.02903,4032,0,
19901825,839698390,26.66,43469.02905,4032,0,
19902465,839699886,29.44,43469.02907,4032,0,
19902867,839700673,30.37,43469.0291,4032,0,
19903905,839703273,35.92,43469.02912,4032,0,
19904788,839705110,36.29,43469.02914,4031,0,
19905752,839707044,37.59,43469.02917,4031,0,
19907034,839709953,37.78,43469.02919,4031,0,
19907433,839710961,37.96,43469.02921,4031,0,
19908232,839712978,38.52,43469.02924,4031,0,
19908232,839712978,38.52,43469.02926,4031,0,
19909263,839716127,40.37,43469.02928,4031,0,
19909895,839718310,43.33,43469.02931,4031,0,
19910443,839720629,44.81,43469.02933,4031,0,
19910990,839723086,45.55,43469.02935,4031,0,
19911454,839725510,45.74,43469.02937,4030,0,
19912083,839727914,45.18,43469.0294,4030,0,
19913521,839731522,46.3,43469.02942,4030,0,
19914976,839733726,45.92,43469.02944,4030,0,
19914976,839733726,45.92,43469.02947,4030,0,
19919053,839736828,47.22,43469.02949,4030,0,
19921513,839737681,46.67,43469.02951,4030,0,
19921513,839737681,46.67,43469.02954,4030,0,
19923974,839738324,45.55,43469.02956,4030,0,
19926436,839738924,45,43469.02958,4030,0,
19930050,839739581,44.44,43469.02961,2967,0,
19934817,839740198,43.7,43469.02963,2967,0,
19937202,839740386,43.7,43469.02965,2967,0,
19939670,839740448,43.52,43469.02968,2967,0,
19939670,839740448,43.52,43469.0297,2967,0,
19944445,839740453,44.26,43469.02972,2967,0,
19947078,839740517,46.48,43469.02975,2967,0,
19947078,839740517,46.48,43469.02977,2967,0,
19949794,839740539,49.07,43469.02979,2967,0,
19953989,839740823,51.3,43469.02981,2967,0,
19956866,839741079,51.67,43469.02984,2967,0,
19959744,839741336,52.41,43469.02986,2968,0,
19962622,839741646,52.22,43469.02988,2968,0,
19962622,839741646,52.22,43469.02991,2968,0,
19965581,839741935,52.59,43469.02993,2968,0,
19973066,839742427,53.52,43469.02995,2968,0,
19976029,839742474,54.07,43469.02998,2968,0,
19976029,839742474,54.07,43469.03,2968,0,
19980555,839742529,55.74,43469.03002,2968,0,
19985003,839742330,53.89,43469.03005,2968,0,
19985003,839742330,53.89,43469.03007,3022,0,
19987885,839742228,54.07,43469.03009,3022,0,
19990849,839742200,54.44,43469.03012,3022,0,
19998262,839741794,52.96,43469.03014,3022,0,
19998262,839741794,52.96,43469.03016,3022,0,
20001063,839741585,50.55,43469.03019,3022,0,
20003865,839741324,50.18,43469.03021,3022,0,
20005266,839741224,50.55,43469.03023,3022,0,
20009384,839740968,50.18,43469.03025,3022,0,
20013502,839740796,50.55,43469.03028,3022,0,
20016301,839740757,51.11,43469.0303,3022,0,
20016301,839740757,51.11,43469.03032,3022,0,
20019184,839740665,51.48,43469.03035,3022,0,
20021984,839740488,50.74,43469.03037,3022,0,
20024782,839740564,49.07,43469.03039,3022,0,
20027327,839741112,46.85,43469.03042,3022,0,
20031245,839743853,41.11,43469.03044,21,0,
20032790,839745455,38.52,43469.03046,21,0,
20034903,839747667,34.44,43469.03049,21,0,
20034903,839747667,34.44,43469.03051,21,0,
20036285,839749078,33.33,43469.03053,21,0,
20037752,839750257,32.96,43469.03056,21,0,
20038404,839750814,32.78,43469.03058,21,0,
20040775,839752142,32.03,43469.0306,21,0,
20042495,839752849,31.85,43469.03062,21,0,
20044134,839753460,31.85,43469.03065,21,0,
20046678,839754104,31.66,43469.03067,21,0,
20048321,839754377,31.11,43469.03069,22,0,
20050045,839754715,30.74,43469.03072,22,0,
20051688,839755020,30.18,43469.03074,22,0,
20052509,839755188,30.37,43469.03076,22,0,
20054972,839755714,28.89,43469.03079,22,0,
20056614,839756051,29.07,43469.03081,22,0,
20058092,839756365,28.7,43469.03083,22,0,
20060391,839756836,28.7,43469.03086,22,0,
20061952,839757130,28.52,43469.03088,22,0,
20061952,839757130,28.52,43469.0309,22,0,
20063431,839757369,26.66,43469.03093,22,0,
20064827,839757608,26.11,43469.03095,23,0,
20065566,839757723,26.66,43469.03097,23,0,
20067783,839758172,27.4,43469.031,23,0,
20069999,839758706,28.15,43469.03102,23,0,
20070738,839758894,28.33,43469.03104,23,0,
20072297,839759314,28.89,43469.03106,23,0,
20073855,839759798,29.07,43469.03109,23,0,
20075983,839760795,29.07,43469.03111,23,0,
20077454,839761668,28.7,43469.03113,23,0,
20078676,839762718,28.15,43469.03116,23,0,
20079732,839763914,27.78,43469.03118,86,0,
20079732,839763914,27.78,43469.0312,86,0,
20080621,839765223,27.22,43469.03123,86,0,
20081419,839767334,27.78,43469.03125,86,0,
20081813,839768754,27.22,43469.03127,86,0,
20082042,839770288,27.4,43469.0313,86,0,
20082352,839771823,27.4,43469.03132,86,0,
20082426,839772563,27.4,43469.03134,86,0,
20082810,839774796,27.22,43469.03137,86,0,
20083038,839776372,27.78,43469.03139,86,0,
20083431,839777887,28.52,43469.03141,86,0,
20083979,839780217,28.7,43469.03144,86,0,
20083979,839780217,28.7,43469.03146,86,0,
20084372,839781742,28.89,43469.03148,86,0,
20084919,839784146,29.07,43469.0315,25,0,
20085466,839786571,28.89,43469.03153,25,0,
20085777,839788127,28.52,43469.03155,25,0,
20086087,839789651,28.33,43469.03157,25,0,
20086087,839789651,28.33,43469.0316,25,0,
20087028,839793538,28.52,43469.03162,25,0,
20087028,839793538,28.52,43469.03164,25,0,
20087421,839795043,28.15,43469.03167,25,0,
20087814,839796600,28.33,43469.03169,25,0,
20088051,839797395,28.33,43469.03171,25,0,
20088600,839799703,28.7,43469.03174,25,0,
20088992,839801303,28.89,43469.03176,2003,0,
20089384,839802891,28.7,43469.03178,2003,0,
20089932,839805264,28.7,43469.03181,2003,0,
20090325,839806800,28.89,43469.03183,2003,0,
20090480,839807562,28.7,43469.03185,2003,0,
20090480,839807562,28.7,43469.03187,2003,0,
20091111,839809861,28.89,43469.0319,2003,0,
20091669,839811314,29.07,43469.03192,2003,0,
20093613,839813946,29.63,43469.03194,2003,0,
20095655,839815280,28.89,43469.03197,2003,0,
20095655,839815280,28.89,43469.03199,2003,0,
20097211,839815922,29.44,43469.03201,2003,0,
20098935,839816281,30,43469.03204,2003,0,
20100496,839816543,30.37,43469.03206,2003,0,
20101402,839816554,29.63,43469.03208,2003,0,
20103870,839816668,30.18,43469.03211,2003,0,
20105515,839816709,30.18,43469.03213,2003,0,
20107162,839816697,30.18,43469.03215,2004,0,
20108809,839816601,29.81,43469.03218,2004,0,
20111281,839816452,29.63,43469.0322,2004,0,
20112845,839816471,29.63,43469.03222,2004,0,
20112845,839816471,29.63,43469.03225,2004,0,
20114490,839816543,29.26,43469.03227,2004,0,
20116134,839816690,28.7,43469.03229,2004,0,
20120079,839817276,28.33,43469.03231,2004,0,
20121556,839817653,28.15,43469.03234,2004,0,
20122294,839817884,25.55,43469.03236,2004,0,
20122294,839817884,25.55,43469.03238,2004,0,
20123604,839818428,25.55,43469.03241,2004,0,
20124914,839819024,25.37,43469.03243,2004,0,
20126878,839820009,26.29,43469.03245,2004,0,
20128103,839820826,26.85,43469.03248,2004,0,
20128103,839820826,26.85,43469.0325,2004,0,
20129326,839821760,27.22,43469.03252,2004,0,
20132093,839824391,27.4,43469.03255,582,0,
20133066,839825575,27.96,43469.03257,582,0,
20133553,839826183,27.78,43469.03259,582,0,
20134361,839827418,27.96,43469.03262,582,0,
20135488,839829501,28.15,43469.03264,582,0,
20135488,839829501,28.15,43469.03266,582,0,
20136130,839830871,27.96,43469.03269,582,0,
20136770,839832442,28.15,43469.03271,582,0,
20137402,839834667,28.33,43469.03273,582,0,
20137867,839837006,28.89,43469.03275,582,0,
20138177,839838583,28.89,43469.03278,582,0,
20138177,839838583,28.89,43469.0328,582,0,
20138561,839840922,28.89,43469.03282,582,0,
20138788,839842561,28.89,43469.03285,582,0,
20139170,839845026,29.26,43469.03287,582,0,
20139170,839845026,29.26,43469.03289,582,0,
20139397,839846634,29.07,43469.03292,582,0,
20139470,839847406,29.26,43469.03294,582,0,
20139616,839848981,28.89,43469.03296,582,0,
20139341,839851301,28.33,43469.03299,582,0,
20137569,839854881,31.85,43469.03301,582,0,
20137569,839854881,31.85,43469.03303,235,0,
20136902,839855591,33.52,43469.03306,235,0,
20135567,839857021,36.48,43469.03308,235,0,
20134150,839858504,38.15,43469.0331,235,0,
20131738,839860576,38.15,43469.03312,235,0,
20129326,839862617,36.85,43469.03315,235,0,
20129326,839862617,36.85,43469.03317,235,0,
20126996,839864658,36.66,43469.03319,235,0,
20125500,839865897,35.92,43469.03322,235,0,
20125500,839865897,35.92,43469.03324,235,0,
20123335,839867940,35.18,43469.03326,235,0,
20121500,839869924,30.37,43469.03329,235,0,
20119915,839871637,24.44,43469.03331,388,0,
20119915,839871637,24.44,43469.03333,388,0,
20119162,839872663,18.89,43469.03336,388,0,
20118910,839873051,15.55,43469.03338,388,0,
20118241,839873919,10.55,43469.0334,388,0,
20117906,839874411,10.74,43469.03343,388,0,
20117154,839875289,15.92,43469.03345,388,0,
20116486,839876084,20.74,43469.03347,388,0,
20116151,839876555,22.22,43469.0335,388,0,
20115561,839877678,24.63,43469.03352,387,0,
20114959,839879793,27.59,43469.03354,387,0,
20115023,839881325,28.89,43469.03356,387,0,
20115499,839882851,29.44,43469.03359,387,0,
20116139,839884380,29.81,43469.03361,38,0,
20116945,839885815,30.18,43469.03363,38,0,
20117915,839887263,30.74,43469.03366,38,0,
20119536,839889352,32.03,43469.03368,38,0,
20119536,839889352,32.03,43469.0337,38,0,
20120672,839890749,32.22,43469.03373,38,0,
20121323,839891370,32.41,43469.03375,38,0,
20123358,839893253,32.59,43469.03377,38,0,
20124744,839894368,31.85,43469.0338,38,0,
20126949,839895778,30.74,43469.03382,38,0,
20127686,839896146,29.63,43469.03384,2693,0,
20129158,839896892,29.26,43469.03387,2693,0,
20131369,839897880,25.92,43469.03389,2693,0,
20132679,839898455,26.11,43469.03391,2693,0,
20134071,839899053,26.48,43469.03394,2693,0,
20135380,839899713,27.22,43469.03396,2693,0,
20136771,839900437,28.52,43469.03398,2693,0,
20138731,839901728,27.22,43469.034,2693,0,
20139384,839902180,27.96,43469.03403,2693,0,
20139384,839902180,27.96,43469.03405,2693,0,
20140441,839903259,28.7,43469.03407,2693,0,
20141485,839905415,28.89,43469.0341,4260,0,
20142042,839907006,30.55,43469.03412,4260,0,
20142516,839908712,32.03,43469.03414,4260,0,
20142824,839910416,30.55,43469.03417,4260,0,
20142969,839912118,30.55,43469.03419,4260,0,
20142784,839913773,29.63,43469.03421,4260,0,
20141936,839915780,23.52,43469.03424,4260,0,
20141183,839916827,22.96,43469.03426,4260,0,
20139848,839918300,23.33,43469.03428,4260,0,
20138680,839919616,17.22,43469.03431,4260,0,
20138013,839920326,17.59,43469.03433,4260,0,
20137509,839921123,18.52,43469.03435,4260,0,
20137509,839921123,18.52,43469.03437,4260,0,
20136922,839922045,19.63,43469.0344,4260,0,
20136162,839923630,22.77,43469.03442,4260,0,
20136162,839923630,22.77,43469.03444,4260,0,
20135734,839924977,30,43469.03447,4260,0,
20135467,839926642,30.74,43469.03449,4833,0,
20135199,839928381,32.41,43469.03451,4833,0,
20134766,839930140,32.03,43469.03454,4833,0,
20134251,839931865,31.66,43469.03456,4833,0,
20133656,839933453,29.81,43469.03458,4833,0,
20132641,839935647,27.59,43469.03461,4833,0,
20131883,839937043,29.44,43469.03463,4833,0,
20131126,839938417,27.22,43469.03465,4833,0,
20130451,839939760,26.66,43469.03468,4833,0,
20129614,839940933,24.44,43469.0347,-1,0,
20128779,839941873,21.85,43469.03472,-1,0,
20127701,839942578,21.29,43469.03475,-1,0,
20127701,839942578,21.29,43469.03477,-1,0,
20126788,839943180,18.7,43469.03479,-1,0,
20125627,839943905,15.18,43469.03481,-1,0,
20125126,839944416,11.85,43469.03484,-1,0,
20124954,839945027,11.48,43469.03486,-1,0,
20125029,839945693,10.74,43469.03488,-1,0,
20125029,839945693,10.74,43469.03491,-1,0,
20125270,839946192,7.77,43469.03493,-1,0,
20125268,839946308,0,43469.03495,-1,0,
20125350,839946373,0.74,43469.03498,-1,0,
20125349,839946394,3.14,43469.035,-1,0,
20125435,839946141,6.11,43469.03502,-1,0,
20125440,839945730,7.03,43469.03505,-1,0,
20125279,839945400,7.96,43469.03507,-1,0,
20125037,839945028,7.22,43469.03509,-1,0,
20124795,839944581,5.37,43469.03512,-1,0,
20124715,839944390,4.07,43469.03514,-1,0,
20124715,839944369,0.55,43469.03516,-1,0,
20124715,839944369,1.11,43469.03519,-1,0,
20124715,839944390,0.18,43469.03521,-1,0,
20124632,839944421,0.18,43469.03523,-1,0,
20124714,839944475,0,43469.03525,-1,0,
20124713,839944527,0,43469.03528,-1,0,
20124713,839944527,0,43469.0353,-1,0,
20124713,839944527,0,43469.03532,-1,0,
20124796,839944539,0,43469.03535,-1,0,
20124796,839944539,0,43469.03537,-1,0,
20124796,839944539,0.18,43469.03539,-1,0,
20124796,839944539,0,43469.03542,-1,0,
20124796,839944539,0,43469.03544,-1,0,
20124796,839944528,0.55,43469.03546,-1,0,
20124796,839944528,0,43469.03549,-1,0,
20124796,839944528,0,43469.03551,-1,0,
20124796,839944539,0,43469.03553,-1,0,
20124796,839944539,0,43469.03556,-1,0,
20124796,839944528,0,43469.03558,-1,0,
20124796,839944507,0.18,43469.0356,-1,0,
20124796,839944507,0,43469.03562,-1,0,
20124796,839944507,0.18,43469.03565,-1,0,
20124796,839944507,0,43469.03567,-1,0,
20124796,839944486,0,43469.03569,-1,0,
20124796,839944507,0,43469.03572,-1,0,
20124796,839944507,0,43469.03574,-1,0,
20124796,839944507,0.18,43469.03576,-1,0,
20124796,839944507,0,43469.03579,-1,0,
20124796,839944507,0,43469.03581,-1,82,
20124796,839944486,0,43469.03583,-1,82,
20124796,839944486,0,43469.03586,-1,82,
20124796,839944486,0,43469.03588,-1,82,
20124796,839944507,0.18,43469.0359,-1,82,
20124796,839944507,0,43469.03593,-1,82,
20124796,839944507,0.37,43469.03595,-1,82,
20124796,839944486,0,43469.03597,-1,82,
20124796,839944486,0.18,43469.036,-1,82,
20124796,839944486,0,43469.03602,-1,82,
20124796,839944486,0,43469.03604,-1,82,
20124796,839944476,0,43469.03606,-1,82,
20124796,839944476,0.18,43469.03609,-1,82,
20124797,839944444,0.18,43469.03611,-1,82,
20124797,839944423,0.18,43469.03613,-1,82,
20124797,839944412,0.18,43469.03616,-1,126.4,
20124797,839944391,0.18,43469.03618,-1,126.4,
20124797,839944391,0.18,43469.0362,-1,126.4,
20124798,839944370,0,43469.03623,-1,126.4,
20124798,839944360,0,43469.03625,-1,126.4,
20124798,839944338,0.55,43469.03627,-1,126.4,
20124798,839944338,0,43469.0363,-1,126.4,
20124798,839944307,0,43469.03632,-1,126.4,
20124798,839944307,0,43469.03634,-1,126.4,
20124716,839944316,0.18,43469.03637,-1,126.4,
20124716,839944316,0,43469.03639,-1,126.4,
20124716,839944316,0.18,43469.03641,-1,126.4,
20124716,839944316,0.18,43469.03644,-1,126.4,
20124716,839944306,0.18,43469.03646,-1,126.4,
20124716,839944306,0.18,43469.03648,-1,126.4,
20124716,839944285,0,43469.0365,-1,172.2,
20124717,839944264,0.18,43469.03653,-1,172.2,
20124717,839944253,0,43469.03655,-1,172.2,
20124717,839944253,0,43469.03657,-1,172.2,
20124717,839944221,0,43469.0366,-1,172.2,
20124717,839944221,0,43469.03662,-1,172.2,
20124717,839944253,0,43469.03664,-1,172.2,
20124717,839944253,0,43469.03667,-1,172.2,
20124716,839944285,0.18,43469.03669,-1,172.2,
20124716,839944306,0,43469.03671,-1,172.2,
20124716,839944306,0,43469.03674,-1,172.2,
20124716,839944285,0.18,43469.03676,-1,172.2,
20124716,839944285,0,43469.03678,-1,172.2,
20124716,839944285,0.18,43469.03681,-1,172.2,
20124716,839944285,0,43469.03683,-1,172.2,
20124717,839944264,0.18,43469.03685,-1,172.2,
20124717,839944253,0,43469.03687,-1,172.2,
20124717,839944221,0,43469.0369,-1,216.6,
20124717,839944221,0,43469.03692,-1,216.6,
20124717,839944264,0,43469.03694,-1,216.6,
20124717,839944264,0,43469.03697,-1,216.6,
20124634,839944284,0,43469.03699,-1,216.6,
20124634,839944305,0,43469.03701,-1,216.6,
20124634,839944315,0,43469.03704,-1,216.6,
20124634,839944315,0.18,43469.03706,-1,216.6,
20124633,839944336,0,43469.03708,-1,216.6,
20124633,839944336,0.18,43469.03711,-1,216.6,
20124634,839944315,0.18,43469.03713,-1,216.6,
20124634,839944315,2.59,43469.03715,-1,216.6,
20124634,839944315,2.59,43469.03718,-1,216.6,
20124873,839944920,7.03,43469.0372,-1,244.4,
20124950,839945365,8.7,43469.03722,-1,244.4,
20125191,839945895,10.55,43469.03725,-1,244.4,
20125191,839945895,10.55,43469.03727,-1,244.4,
20126006,839946602,13.89,43469.03729,-1,244.4,
20126909,839946782,17.4,43469.03731,4833,244.4,
20127816,839946645,15.37,43469.03734,4833,244.4,
20128726,839946266,17.4,43469.03736,4833,244.4,
20129638,839945759,18.52,43469.03738,4833,244.4,
20130886,839944655,20,43469.03741,4833,244.4,
20131719,839943831,20.92,43469.03743,4833,240,
20132471,839942932,21.66,43469.03745,4833,240,
20133225,839941843,24.63,43469.03748,4833,240,
20133899,839940541,25.55,43469.0375,4833,240,
20134154,839939879,26.66,43469.03752,4833,240,
20134501,839938426,27.96,43469.03755,4833,240,
20134757,839937648,28.7,43469.03757,4833,240,
20134757,839937648,28.7,43469.03759,4833,240,
20135214,839933894,26.29,43469.03762,4833,240,
20135396,839932470,25.92,43469.03764,4833,240,
20135578,839931047,27.03,43469.03766,4833,240,
20135762,839929486,28.52,43469.03769,4833,240,
20136202,839927073,29.44,43469.03771,4833,240,
20136459,839926295,28.89,43469.03773,4833,240,
20137053,839924782,27.96,43469.03775,4833,240,
20138146,839922926,21.11,43469.03778,4260,240,
20138481,839922444,17.96,43469.0378,4260,240,
20139319,839921240,15.37,43469.03782,4260,240,
20139319,839921240,15.37,43469.03785,4260,240,
20139819,839920676,12.22,43469.03787,4260,240,
20140237,839920131,13.33,43469.03789,4260,240,
20140656,839919524,13.51,43469.03792,4260,240,
20141075,839918959,14.07,43469.03794,4260,240,
20141576,839918352,14.07,43469.03796,4260,240,
20142411,839917402,14.63,43469.03799,4260,240,
20142411,839917402,14.63,43469.03801,4260,240,
20142912,839916763,14.81,43469.03803,4260,240,
20143496,839916158,15.55,43469.03806,4260,240,
20143997,839915530,15.37,43469.03808,4260,240,
20144589,839914270,16.29,43469.0381,4260,240,
20145012,839913336,18.52,43469.03812,4260,240,
20145271,839912283,20.74,43469.03815,4260,240,
20145450,839911145,21.85,43469.03817,4260,240,
20145546,839909963,21.85,43469.03819,4260,240,
20145396,839908768,22.03,43469.03822,4260,240,
20145330,839907468,24.63,43469.03824,4260,240,
20144861,839905361,27.4,43469.03826,4260,240,
20144623,839904661,27.03,43469.03829,4260,240,
20143980,839903355,25.92,43469.03831,4260,240,
20143005,839902319,25.74,43469.03833,4260,240,
20141292,839900988,26.29,43469.03836,4260,240,
20141292,839900988,26.29,43469.03838,4260,240,
20140149,839900214,24.81,43469.0384,2693,240,
20138923,839899471,25.18,43469.03843,2693,240,
20137696,839898843,27.22,43469.03845,2693,240,
20135569,839897709,30.18,43469.03847,2693,240,
20134015,839896888,32.78,43469.0385,2693,240,
20133196,839896519,30.55,43469.03852,2693,240,
20131724,839895730,28.7,43469.03854,2693,240,
20129433,839894604,31.48,43469.03856,2693,240,
20127960,839893858,30.18,43469.03859,2693,240,
20126488,839893058,29.44,43469.03861,2693,240,
20125183,839892082,29.44,43469.03863,2693,240,
20123227,839890485,30,43469.03866,2693,240,
20122658,839889865,29.63,43469.03868,38,240,
20121603,839888627,30,43469.0387,38,240,
20120549,839887284,30,43469.03873,38,240,
20120549,839887284,30,43469.03875,38,240,
20119257,839885199,30,43469.03877,38,240,
20118616,839883713,29.81,43469.0388,38,240,
20118224,839882103,28.7,43469.03882,38,240,
20118254,839879674,29.26,43469.03884,38,240,
20118428,839878853,29.44,43469.03887,38,240,
20118941,839877275,29.26,43469.03889,38,240,
20119535,839875814,29.44,43469.03891,387,240,
20120797,839873591,31.11,43469.03894,387,240,
20121802,839872125,30.37,43469.03896,387,240,
20122806,839870785,30,43469.03898,387,240,
20123891,839869615,30.18,43469.039,387,240,
20125139,839868522,30.92,43469.03903,387,240,
20126386,839867439,30.37,43469.03905,387,240,
20127717,839866335,32.03,43469.03907,387,240,
20129131,839865127,32.59,43469.0391,387,240,
20129131,839865127,32.59,43469.03912,387,240,
20131128,839863325,32.22,43469.03914,388,240,
20132378,839862104,32.22,43469.03917,388,240,
20133709,839860959,32.03,43469.03919,388,240,
20135040,839859771,31.48,43469.03921,388,240,
20136955,839858010,30.37,43469.03924,388,240,
20138122,839856799,29.63,43469.03926,388,240,
20139125,839855544,28.33,43469.03928,388,240,
20139545,839854862,26.85,43469.03931,388,240,
20140136,839853613,24.81,43469.03933,388,240,
20140737,839851571,22.59,43469.03935,388,240,
20141252,839849846,17.77,43469.03937,235,240,
20141346,839848844,19.26,43469.0394,235,240,
20141359,839847735,21.66,43469.03942,235,240,
20141366,839847154,22.77,43469.03944,582,240,
20141217,839845875,23.33,43469.03947,582,240,
20141217,839845875,23.33,43469.03949,582,240,
20140992,839844119,21.85,43469.03951,582,240,
20140760,839842860,23.52,43469.03954,582,240,
20140528,839841579,22.59,43469.03956,582,240,
20140379,839840352,22.96,43469.03958,582,240,
20140147,839839051,22.59,43469.03961,582,240,
20139691,839835920,22.59,43469.03963,582,240,
20139691,839835920,22.59,43469.03965,582,240,
20139691,839835920,22.59,43469.03968,582,240,
20139061,839833610,22.77,43469.0397,582,240,
20138746,839832423,22.77,43469.03972,582,240,
20138349,839831225,22.96,43469.03975,582,240,
20138349,839831225,22.96,43469.03977,582,240,
20137869,839830026,22.59,43469.03979,582,240,
20137389,839828890,22.59,43469.03981,582,240,
20136826,839827775,22.96,43469.03984,582,240,
20136264,839826659,22.22,43469.03986,582,240,
20135212,839825158,22.22,43469.03988,582,240,
20134400,839824240,22.96,43469.03991,582,240,
20133505,839823331,22.77,43469.03993,582,240,
20132611,839822380,22.4,43469.03995,582,240,
20131228,839821065,22.22,43469.03998,582,240,
20130821,839820638,22.4,43469.04,582,240,
20129927,839819750,22.4,43469.04002,2004,240,
20129927,839819750,22.4,43469.04005,2004,240,
20128948,839818989,22.59,43469.04007,2004,240,
20126253,839817235,22.59,43469.04009,2004,240,
20125107,839816725,23.33,43469.04012,2004,240,
20125107,839816725,23.33,43469.04014,2004,240,
20123878,839816245,22.77,43469.04016,2004,240,
20122730,839815840,22.22,43469.04019,2004,240,
20120923,839815491,22.59,43469.04021,2004,240,
20119608,839815327,23.15,43469.04023,2004,240,
20118375,839815207,22.96,43469.04025,2004,240,
20117060,839815054,22.59,43469.04028,2004,240,
20115826,839814986,22.03,43469.0403,2004,240,
20114592,839814939,22.22,43469.04032,2004,240,
20113275,839814871,22.4,43469.04035,2004,240,
20111381,839814953,22.22,43469.04037,2004,240,
20110063,839815085,22.59,43469.04039,2004,240,
20108827,839815176,21.29,43469.04042,2004,240,
20107592,839815203,22.03,43469.04044,2004,240,
20106275,839815166,23.15,43469.04046,2004,240,
20105041,839815119,22.77,43469.04049,2004,240,
20105041,839815119,22.77,43469.04051,2004,240,
20103807,839815010,22.22,43469.04053,2004,240,
20101998,839814893,22.4,43469.04056,2003,240,
20100765,839814740,22.77,43469.04058,2003,240,
20099616,839814462,22.77,43469.0406,2003,240,
20098960,839814286,22.22,43469.04062,2003,240,
20097240,839813536,22.4,43469.04065,2003,240,
20096260,839812912,22.22,43469.04067,2003,240,
20095282,839812097,22.22,43469.04069,2003,240,
20094552,839811170,22.4,43469.04072,2003,240,
20093907,839810095,22.77,43469.04074,2003,240,
20093103,839808459,22.4,43469.04076,2003,240,
20092705,839807335,22.77,43469.04079,2003,240,
20092391,839806138,22.22,43469.04081,2003,240,
20092076,839804952,22.03,43469.04083,2003,240,
20091678,839803775,22.22,43469.04086,2003,240,
20091678,839803775,22.22,43469.04088,2003,240,
20091282,839802555,22.59,43469.0409,2003,240,
20090728,839800722,22.22,43469.04093,2003,240,
20090412,839799556,22.22,43469.04095,2003,240,
20090099,839798275,22.22,43469.04097,2003,240,
20089784,839797035,23.15,43469.041,25,240,
20089553,839795755,22.59,43469.04102,25,240,
20089321,839794517,22.77,43469.04104,25,240,
20088774,839792123,22.77,43469.04106,25,240,
20088459,839790926,22.59,43469.04109,25,240,
20088068,839789200,22.22,43469.04111,25,240,
20088068,839789200,22.22,43469.04113,25,240,
20087754,839788014,22.4,43469.04116,25,240,
20087439,839786817,22.59,43469.04118,25,240,
20087042,839785619,22.4,43469.0412,25,240,
20086727,839784421,22.4,43469.04123,25,240,
20086412,839783224,22.4,43469.04125,25,240,
20085941,839781392,22.4,43469.04127,86,240,
20085626,839780174,22.22,43469.0413,86,240,
20085394,839778956,22.22,43469.04132,86,240,
20085245,839777687,22.77,43469.04134,86,240,
20085012,839776470,22.77,43469.04137,86,240,
20084780,839775263,22.59,43469.04139,86,240,
20084548,839774046,22.77,43469.04141,86,240,
20084548,839774046,22.77,43469.04144,86,240,
20084316,839772808,22.77,43469.04146,86,240,
20084084,839771570,22.4,43469.04148,86,240,
20083934,839770385,22.22,43469.0415,86,240,
20083544,839768553,22.59,43469.04153,86,240,
20083230,839767303,22.22,43469.04155,86,240,
20082915,839766106,22.4,43469.04157,86,240,
20082437,839764865,23.15,43469.0416,86,240,
20081874,839763771,22.77,43469.04162,86,240,
20081145,839762737,22.22,43469.04164,86,240,
